symbol,session_date,story_id,known_at,abs_shock_bps,cell_1,cell_1_sign,cell_1_prediction_time,cell_2,cell_2_sign,cell_2_prediction_time,cell_3,cell_3_sign,cell_3_prediction_time,cell_4,cell_4_sign,cell_4_prediction_time,directional_models_available,zero_prediction_models,consensus,consensus_direction
AAPL,2025-06-02,9c513a288e9a7b6b61c13846a136ac7646b3f42ff1b84802c51e947ead4158b1,2025-06-02 13:59:17+00:00,3.2318210068360558,200ev|next_2_changes,1.0,2025-06-02 13:59:45.494493570+00:00,200ev|next_change,1.0,2025-06-02 13:59:45.494493570+00:00,50ev|next_2_changes,1.0,2025-06-02 13:59:46.499833234+00:00,50ev|next_change,1.0,2025-06-02 13:59:46.499833234+00:00,4,0,4_of_4,1
AAPL,2025-06-02,1cd6657b2cc095f3fbe565358e01a3be7ba772c127520dcbac998a6fa16a7058,2025-06-02 15:01:23+00:00,3.4686950273776773,200ev|next_2_changes,1.0,2025-06-02 15:01:52.926094073+00:00,200ev|next_change,1.0,2025-06-02 15:01:52.926094073+00:00,50ev|next_2_changes,1.0,2025-06-02 15:01:52.926094073+00:00,50ev|next_change,1.0,2025-06-02 15:01:52.926094073+00:00,4,0,4_of_4,1
AAPL,2025-06-02,3140f30ff40263b196caf50b2c935615f332f0c9f835736dd778542acdddc20e,2025-06-02 16:25:47+00:00,0.995148650329014,200ev|next_2_changes,1.0,2025-06-02 16:26:11.956030796+00:00,200ev|next_change,1.0,2025-06-02 16:26:11.956030796+00:00,50ev|next_2_changes,1.0,2025-06-02 16:26:11.433498097+00:00,50ev|next_change,1.0,2025-06-02 16:26:11.433498097+00:00,4,0,4_of_4,1
AAPL,2025-06-02,e2d8b11e6de14e3e70c87a1b10ad935f780c5335e1801759900425cc8e713fe1,2025-06-02 17:35:13+00:00,3.4851011924019737,200ev|next_2_changes,1.0,2025-06-02 17:35:39.749771419+00:00,200ev|next_change,1.0,2025-06-02 17:35:39.749771419+00:00,50ev|next_2_changes,1.0,2025-06-02 17:35:42.791078362+00:00,50ev|next_change,1.0,2025-06-02 17:35:42.791078362+00:00,4,0,4_of_4,1
AAPL,2025-06-02,5caa08c78d83881be45d5559c7e5779eb977c0ec554a3d7fbba427ac5839619d,2025-06-02 19:44:41+00:00,1.4887968040500077,200ev|next_2_changes,-1.0,2025-06-02 19:45:06.598785222+00:00,200ev|next_change,-1.0,2025-06-02 19:45:06.598785222+00:00,50ev|next_2_changes,1.0,2025-06-02 19:45:06.598785222+00:00,50ev|next_change,1.0,2025-06-02 19:45:06.598785222+00:00,4,0,2_vs_2,0
AAPL,2025-06-03,9209b5c3d44f7c2db889980b5773e7f10aa339e882dddbf5d7f9221f6cef06d2,2025-06-03 15:00:35+00:00,1.4838629899838196,200ev|next_2_changes,1.0,2025-06-03 15:01:02.826049935+00:00,200ev|next_change,1.0,2025-06-03 15:01:02.826049935+00:00,50ev|next_2_changes,1.0,2025-06-03 15:01:02.826049935+00:00,50ev|next_change,1.0,2025-06-03 15:01:02.826049935+00:00,4,0,4_of_4,1
AAPL,2025-06-04,c563e84be5e58d8a7206181cfb597cf348a34c6873f6084d0464713889bdad0b,2025-06-04 15:00:31+00:00,5.3793676797808665,200ev|next_2_changes,1.0,2025-06-04 15:01:00.092496403+00:00,200ev|next_change,1.0,2025-06-04 15:01:00.092496403+00:00,50ev|next_2_changes,-1.0,2025-06-04 15:01:00.255881038+00:00,50ev|next_change,-1.0,2025-06-04 15:01:00.255881038+00:00,4,0,2_vs_2,0
AAPL,2025-06-04,47e71d2b4caec450661d9bdc1f93aed35a0c56d6cd601ded1317f576063cfcef,2025-06-04 17:35:18+00:00,0.4917750620869743,200ev|next_2_changes,-1.0,2025-06-04 17:35:43.006531085+00:00,200ev|next_change,-1.0,2025-06-04 17:35:43.006531085+00:00,50ev|next_2_changes,-1.0,2025-06-04 17:35:41.926501274+00:00,50ev|next_change,-1.0,2025-06-04 17:35:41.926501274+00:00,4,0,4_of_4,-1
AAPL,2025-06-05,a60a003b967d96f16b5e581653fe46cf7c915f07685da64b67a22837fe7c3218,2025-06-05 14:02:31+00:00,4.458093917178996,200ev|next_2_changes,-1.0,2025-06-05 14:03:00.278902810+00:00,200ev|next_change,-1.0,2025-06-05 14:03:00.278902810+00:00,50ev|next_2_changes,1.0,2025-06-05 14:03:00.735088575+00:00,50ev|next_change,1.0,2025-06-05 14:03:00.735088575+00:00,4,0,2_vs_2,0
AAPL,2025-06-05,b628ee6f77be0644ba453c7b4c83d215807ac9877f5466a8df838604baf6c648,2025-06-05 16:47:30+00:00,0.7412715277599347,200ev|next_2_changes,-1.0,2025-06-05 16:47:59.874355018+00:00,200ev|next_change,-1.0,2025-06-05 16:47:59.874355018+00:00,50ev|next_2_changes,-1.0,2025-06-05 16:47:59.874355018+00:00,50ev|next_change,-1.0,2025-06-05 16:47:59.874355018+00:00,4,0,4_of_4,-1
AAPL,2025-06-06,6836dc4b0cf0fe9c770d0b650a2312b46b60f303dd0b2efdecfceaec64014287,2025-06-06 13:39:39+00:00,3.416550747981084,200ev|next_2_changes,1.0,2025-06-06 13:40:08.242497370+00:00,200ev|next_change,1.0,2025-06-06 13:40:08.242497370+00:00,50ev|next_2_changes,1.0,2025-06-06 13:40:08.974756798+00:00,50ev|next_change,1.0,2025-06-06 13:40:08.974756798+00:00,4,0,4_of_4,1
AAPL,2025-06-06,18cedd0f3fcd8be6081393ab0df2d097b6ba69278f0119fbcb03c70febb3e92a,2025-06-06 15:00:37+00:00,5.166178749784756,200ev|next_2_changes,-1.0,2025-06-06 15:01:03.493001428+00:00,200ev|next_change,-1.0,2025-06-06 15:01:03.493001428+00:00,50ev|next_2_changes,1.0,2025-06-06 15:01:05.684161314+00:00,50ev|next_change,1.0,2025-06-06 15:01:05.684161314+00:00,4,0,2_vs_2,0
AAPL,2025-06-06,8c0c48a983ee2f505827db19acf64f8bf4a4a7e9e3401d64e464a91fc58cb84c,2025-06-06 17:35:14+00:00,6.132411018716644,200ev|next_2_changes,-1.0,2025-06-06 17:35:43.049182692+00:00,200ev|next_change,-1.0,2025-06-06 17:35:43.049182692+00:00,50ev|next_2_changes,1.0,2025-06-06 17:35:43.049182692+00:00,50ev|next_change,1.0,2025-06-06 17:35:43.049182692+00:00,4,0,2_vs_2,0
AAPL,2025-06-09,bead604a7f1d3dc565859e0df62a181a97c5964e701dda49d4820e627b2adf54,2025-06-09 14:29:15+00:00,4.138770541691761,200ev|next_2_changes,-1.0,2025-06-09 14:29:44.836649553+00:00,200ev|next_change,-1.0,2025-06-09 14:29:44.836649553+00:00,50ev|next_2_changes,1.0,2025-06-09 14:29:40.758395687+00:00,50ev|next_change,1.0,2025-06-09 14:29:40.758395687+00:00,4,0,2_vs_2,0
AAPL,2025-06-09,aa88aaaa96b90b976eedbc214cdcbb8a31a23b6026c698c2d1181dc1f4775ff5,2025-06-09 17:02:26+00:00,1.95374508511037,200ev|next_2_changes,1.0,2025-06-09 17:02:55.556440042+00:00,200ev|next_change,1.0,2025-06-09 17:02:55.556440042+00:00,50ev|next_2_changes,-1.0,2025-06-09 17:02:55.805768064+00:00,50ev|next_change,-1.0,2025-06-09 17:02:55.805768064+00:00,4,0,2_vs_2,0
AAPL,2025-06-10,15f5bf62ded4ddb7953f972c7a6d3c1f6b9dc80a3596a532912de40e194257fd,2025-06-10 15:00:44+00:00,0.4896320415204158,200ev|next_2_changes,-1.0,2025-06-10 15:01:12.395276580+00:00,200ev|next_change,1.0,2025-06-10 15:01:12.395276580+00:00,50ev|next_2_changes,1.0,2025-06-10 15:01:12.395276580+00:00,50ev|next_change,1.0,2025-06-10 15:01:12.395276580+00:00,4,0,3_of_4,1
AAPL,2025-06-10,92fdce58ce699bd63e5f2178ad2c480263d39fd4724d5d07912a0e2d08a97f72,2025-06-10 17:01:27+00:00,1.727371434211422,200ev|next_2_changes,-1.0,2025-06-10 17:01:51.638180868+00:00,200ev|next_change,-1.0,2025-06-10 17:01:51.638180868+00:00,50ev|next_2_changes,-1.0,2025-06-10 17:01:51.638180868+00:00,50ev|next_change,-1.0,2025-06-10 17:01:51.638180868+00:00,4,0,4_of_4,-1
AAPL,2025-06-11,ee68ffe7dac9fdf188f1c354a3ed0a77fd94ecc89be3702278816ded41890b63,2025-06-11 15:00:44+00:00,2.7196756168723635,200ev|next_2_changes,1.0,2025-06-11 15:01:13.678008866+00:00,200ev|next_change,1.0,2025-06-11 15:01:13.678008866+00:00,50ev|next_2_changes,1.0,2025-06-11 15:01:13.678008866+00:00,50ev|next_change,1.0,2025-06-11 15:01:13.678008866+00:00,4,0,4_of_4,1
AAPL,2025-06-11,1c952b111b9ecf3606c416ecca5cf2ab0c24a637a2685c17755c30433c1a5c9b,2025-06-11 17:35:16+00:00,1.4954016399570946,200ev|next_2_changes,1.0,2025-06-11 17:35:40.575194266+00:00,200ev|next_change,-1.0,2025-06-11 17:35:40.575194266+00:00,50ev|next_2_changes,1.0,2025-06-11 17:35:45.185869683+00:00,50ev|next_change,1.0,2025-06-11 17:35:45.185869683+00:00,4,0,3_of_4,1
AAPL,2025-06-11,0310d9eaa92e5aac3f5bbc34d6fa874a399b6c8139da169186528e72b83c5290,2025-06-11 19:22:43+00:00,6.536112018904472,200ev|next_2_changes,1.0,2025-06-11 19:23:11.580880178+00:00,200ev|next_change,1.0,2025-06-11 19:23:11.580880178+00:00,50ev|next_2_changes,-1.0,2025-06-11 19:23:12.443664020+00:00,50ev|next_change,-1.0,2025-06-11 19:23:12.443664020+00:00,4,0,2_vs_2,0
AAPL,2025-06-12,d2b674302d98739af5f80bcfa567a5bcb8f79bef1019e7f16bd5f1065c24945b,2025-06-12 15:00:47+00:00,1.512516070483194,200ev|next_2_changes,1.0,2025-06-12 15:01:16.181999808+00:00,200ev|next_change,1.0,2025-06-12 15:01:16.181999808+00:00,50ev|next_2_changes,1.0,2025-06-12 15:01:16.752492650+00:00,50ev|next_change,1.0,2025-06-12 15:01:16.752492650+00:00,4,0,4_of_4,1
AAPL,2025-06-12,84fdaa3660c26947aba3478488c9463f181ae1c3aefc20e853e4a5f33e4d1733,2025-06-12 16:34:39+00:00,3.5273368606691946,200ev|next_2_changes,1.0,2025-06-12 16:35:04.634570728+00:00,200ev|next_change,1.0,2025-06-12 16:35:04.634570728+00:00,50ev|next_2_changes,1.0,2025-06-12 16:35:06.642796574+00:00,50ev|next_change,1.0,2025-06-12 16:35:06.642796574+00:00,4,0,4_of_4,1
AAPL,2025-06-12,73353fec9f43233a4c84851809464aa5cd91fece7f531901887cdc1f0d040062,2025-06-12 19:05:03+00:00,0.2513699663164725,200ev|next_2_changes,-1.0,2025-06-12 19:05:31.397467004+00:00,200ev|next_change,-1.0,2025-06-12 19:05:31.397467004+00:00,50ev|next_2_changes,-1.0,2025-06-12 19:05:32.124200012+00:00,50ev|next_change,-1.0,2025-06-12 19:05:32.124200012+00:00,4,0,4_of_4,-1
AAPL,2025-06-13,0f6363dedfa689bddf3b6f2764b61faa9a545bf12f6bfecfdb0bf6a634bd0583,2025-06-13 14:02:34+00:00,3.300162469537238,200ev|next_2_changes,-1.0,2025-06-13 14:03:02.649908601+00:00,200ev|next_change,-1.0,2025-06-13 14:03:02.649908601+00:00,50ev|next_2_changes,1.0,2025-06-13 14:03:01.209453028+00:00,50ev|next_change,1.0,2025-06-13 14:03:01.209453028+00:00,4,0,2_vs_2,0
AAPL,2025-06-13,f666c817ccafe3a5a4e68096fb162496405a1a963b9927fe9a3e5a976a53bdae,2025-06-13 16:40:49+00:00,2.5354969574031827,200ev|next_2_changes,1.0,2025-06-13 16:41:15.545592254+00:00,200ev|next_change,1.0,2025-06-13 16:41:15.545592254+00:00,50ev|next_2_changes,1.0,2025-06-13 16:41:15.545592254+00:00,50ev|next_change,1.0,2025-06-13 16:41:15.545592254+00:00,4,0,4_of_4,1
AAPL,2025-06-13,bedf22781933e410b6b31a01633245fbbcbafc7ad122f14ee93662e843ea7cd3,2025-06-13 18:05:53+00:00,4.0580298265191495,200ev|next_2_changes,-1.0,2025-06-13 18:06:22.654180956+00:00,200ev|next_change,-1.0,2025-06-13 18:06:22.654180956+00:00,50ev|next_2_changes,1.0,2025-06-13 18:06:22.638181595+00:00,50ev|next_change,1.0,2025-06-13 18:06:22.638181595+00:00,4,0,2_vs_2,0
AAPL,2025-06-16,56c7bc833e67bc8007021b523e2dd732180d801a87e23f1f4e7d208885be9a4c,2025-06-16 15:28:54+00:00,0.2534340311211025,200ev|next_2_changes,1.0,2025-06-16 15:29:22.677659590+00:00,200ev|next_change,-1.0,2025-06-16 15:29:22.677659590+00:00,50ev|next_2_changes,1.0,2025-06-16 15:29:22.677659590+00:00,50ev|next_change,1.0,2025-06-16 15:29:22.677659590+00:00,4,0,3_of_4,1
AAPL,2025-06-17,ce8e68d6481269c20091b36755406188562a7070483ad8e724ea026f3cec5d16,2025-06-17 14:25:46+00:00,4.809152576692455,200ev|next_2_changes,-1.0,2025-06-17 14:26:13.433865717+00:00,200ev|next_change,-1.0,2025-06-17 14:26:13.433865717+00:00,50ev|next_2_changes,1.0,2025-06-17 14:26:11.281591427+00:00,50ev|next_change,1.0,2025-06-17 14:26:11.281591427+00:00,4,0,2_vs_2,0
AAPL,2025-06-17,7b205912c839ab96c15e8f3693eb9d1aea3c77e4c3b5453c8eed06040033627a,2025-06-17 17:46:09+00:00,6.874777206293814,200ev|next_2_changes,1.0,2025-06-17 17:46:38.131002320+00:00,200ev|next_change,1.0,2025-06-17 17:46:38.131002320+00:00,50ev|next_2_changes,-1.0,2025-06-17 17:46:38.778217465+00:00,50ev|next_change,-1.0,2025-06-17 17:46:38.778217465+00:00,4,0,2_vs_2,0
AAPL,2025-06-18,0e377205b0652d9b5b8da801104b9983d3e64bf56f69bbf741c591770a88313d,2025-06-18 14:09:25+00:00,0.7624663244043539,200ev|next_2_changes,1.0,2025-06-18 14:09:53.615826767+00:00,200ev|next_change,1.0,2025-06-18 14:09:53.615826767+00:00,50ev|next_2_changes,1.0,2025-06-18 14:09:53.610144982+00:00,50ev|next_change,1.0,2025-06-18 14:09:53.610144982+00:00,4,0,4_of_4,1
AAPL,2025-06-20,ed8b4ad669ab7808890cdee795ecd1368000c6e1ab0e93c36ec7ab61e2a7b13c,2025-06-20 14:00:30+00:00,0.2502377258395416,200ev|next_2_changes,-1.0,2025-06-20 14:00:59.833191942+00:00,200ev|next_change,1.0,2025-06-20 14:00:59.833191942+00:00,50ev|next_2_changes,1.0,2025-06-20 14:00:59.884453917+00:00,50ev|next_change,1.0,2025-06-20 14:00:59.884453917+00:00,4,0,3_of_4,1
AAPL,2025-06-20,13834b39dc97606ec2b29ce2b6b22dd067bfe5ea8fe77dfadd9587a384ef2dfd,2025-06-20 15:01:11+00:00,4.316364098007064,200ev|next_2_changes,1.0,2025-06-20 15:01:40.933958966+00:00,200ev|next_change,1.0,2025-06-20 15:01:40.933958966+00:00,50ev|next_2_changes,1.0,2025-06-20 15:01:40.332591968+00:00,50ev|next_change,1.0,2025-06-20 15:01:40.332591968+00:00,4,0,4_of_4,1
AAPL,2025-06-20,f0d31c38e10ce7414332721a6a31a9b45ecfc35ded840f49379f81e0dcbdf3b0,2025-06-20 17:35:11+00:00,3.7793847161671215,200ev|next_2_changes,1.0,2025-06-20 17:35:39.140208707+00:00,200ev|next_change,1.0,2025-06-20 17:35:39.140208707+00:00,50ev|next_2_changes,-1.0,2025-06-20 17:35:37.961288025+00:00,50ev|next_change,-1.0,2025-06-20 17:35:37.961288025+00:00,4,0,2_vs_2,0
AAPL,2025-06-23,5dee00c16d3b739dbc21ba4cc43012f60f381fd944e42b217e1165c2e3a96936,2025-06-23 16:20:54+00:00,6.743425160469219,200ev|next_2_changes,-1.0,2025-06-23 16:21:22.448177162+00:00,200ev|next_change,-1.0,2025-06-23 16:21:22.448177162+00:00,50ev|next_2_changes,1.0,2025-06-23 16:21:22.448177162+00:00,50ev|next_change,1.0,2025-06-23 16:21:22.448177162+00:00,4,0,2_vs_2,0
AAPL,2025-06-23,0acf4514820a840a78af050d1d292c1eb269d8e8878a9d4301f787859373a793,2025-06-23 17:35:16+00:00,1.241033532726199,200ev|next_2_changes,1.0,2025-06-23 17:35:45.538159770+00:00,200ev|next_change,1.0,2025-06-23 17:35:45.538159770+00:00,50ev|next_2_changes,1.0,2025-06-23 17:35:45.538159770+00:00,50ev|next_change,1.0,2025-06-23 17:35:45.538159770+00:00,4,0,4_of_4,1
AAPL,2025-06-24,316d7e18821f518221267166f8d9b04a68c21c712d69809f9074c5b2256a64a5,2025-06-24 14:00:50+00:00,10.737115461445512,200ev|next_2_changes,-1.0,2025-06-24 14:01:18.514050314+00:00,200ev|next_change,-1.0,2025-06-24 14:01:18.514050314+00:00,50ev|next_2_changes,1.0,2025-06-24 14:01:19.769384966+00:00,50ev|next_change,1.0,2025-06-24 14:01:19.769384966+00:00,4,0,2_vs_2,0
AAPL,2025-06-24,c03e7d467af4b033b86892827192e1a8dff0d2c5770a2ad2a4746778d265be85,2025-06-24 15:01:26+00:00,1.7415534656917142,200ev|next_2_changes,1.0,2025-06-24 15:01:53.029799569+00:00,200ev|next_change,1.0,2025-06-24 15:01:53.029799569+00:00,50ev|next_2_changes,1.0,2025-06-24 15:01:55.897507366+00:00,50ev|next_change,1.0,2025-06-24 15:01:55.897507366+00:00,4,0,4_of_4,1
AAPL,2025-06-24,b365575943f5837f91817c0685f21aa0c9e1b7655e17e8b32dfeb1bf419a0fb9,2025-06-24 16:47:26+00:00,4.925259191764786,200ev|next_2_changes,1.0,2025-06-24 16:47:55.482334113+00:00,200ev|next_change,1.0,2025-06-24 16:47:55.482334113+00:00,50ev|next_2_changes,-1.0,2025-06-24 16:47:55.713094275+00:00,50ev|next_change,-1.0,2025-06-24 16:47:55.713094275+00:00,4,0,2_vs_2,0
AAPL,2025-06-25,0700eab49f16a6d561569fbe3efee8d4757e89bd0362b896bc4678af7ff16749,2025-06-25 14:59:32+00:00,2.7164518200228915,200ev|next_2_changes,1.0,2025-06-25 15:00:01.516278313+00:00,200ev|next_change,1.0,2025-06-25 15:00:01.516278313+00:00,50ev|next_2_changes,-1.0,2025-06-25 15:00:01.803293847+00:00,50ev|next_change,-1.0,2025-06-25 15:00:01.803293847+00:00,4,0,2_vs_2,0
AAPL,2025-06-25,2a04b839c1eb0bb5e0993d5466127b3601bfc14cc460eca6e6f77ffa73f1ced8,2025-06-25 17:09:02+00:00,0.7442691277170788,200ev|next_2_changes,1.0,2025-06-25 17:09:30.077621483+00:00,200ev|next_change,1.0,2025-06-25 17:09:30.077621483+00:00,50ev|next_2_changes,-1.0,2025-06-25 17:09:30.714994979+00:00,50ev|next_change,-1.0,2025-06-25 17:09:30.714994979+00:00,4,0,2_vs_2,0
AAPL,2025-06-26,45012ccf96042023074a535262f4330cf0784596724ddd3290871352f903d6ca,2025-06-26 15:00:42+00:00,5.238736716060011,200ev|next_2_changes,-1.0,2025-06-26 15:01:10.642862830+00:00,200ev|next_change,-1.0,2025-06-26 15:01:10.642862830+00:00,50ev|next_2_changes,-1.0,2025-06-26 15:01:11.843737846+00:00,50ev|next_change,-1.0,2025-06-26 15:01:11.843737846+00:00,4,0,4_of_4,-1
AAPL,2025-06-26,c7f8efa7bf0019d0e1285c7e0211ebaf94227be6ed5a0af7f2fd2ebe22e719b4,2025-06-26 17:35:13+00:00,3.248132323914188,200ev|next_2_changes,1.0,2025-06-26 17:35:40.513483343+00:00,200ev|next_change,1.0,2025-06-26 17:35:40.513483343+00:00,50ev|next_2_changes,-1.0,2025-06-26 17:35:42.903456605+00:00,50ev|next_change,-1.0,2025-06-26 17:35:42.903456605+00:00,4,0,2_vs_2,0
AAPL,2025-06-26,bd768d8875f87bdd75deb2ba0b53fb500587573a7da566b546d3aa9377661c13,2025-06-26 19:04:04+00:00,2.4883668848141305,200ev|next_2_changes,1.0,2025-06-26 19:04:26.787983250+00:00,200ev|next_change,-1.0,2025-06-26 19:04:26.787983250+00:00,50ev|next_2_changes,1.0,2025-06-26 19:04:26.787983250+00:00,50ev|next_change,1.0,2025-06-26 19:04:26.787983250+00:00,4,0,3_of_4,1
AAPL,2025-06-27,f69463acc33323c0a83a1cdbba0e267d3133e551bb1e49190b65e98e1335bea7,2025-06-27 14:37:22+00:00,8.681847497147288,200ev|next_2_changes,1.0,2025-06-27 14:37:51.914529625+00:00,200ev|next_change,1.0,2025-06-27 14:37:51.914529625+00:00,50ev|next_2_changes,1.0,2025-06-27 14:37:51.914529625+00:00,50ev|next_change,1.0,2025-06-27 14:37:51.914529625+00:00,4,0,4_of_4,1
AAPL,2025-06-27,a811a19aebabdb3b6487a48fe97f2ac6407bbd7aaed3c2a2817cb997a10c2d23,2025-06-27 16:52:29+00:00,2.9697824634356,200ev|next_2_changes,-1.0,2025-06-27 16:52:52.751603634+00:00,200ev|next_change,-1.0,2025-06-27 16:52:52.751603634+00:00,50ev|next_2_changes,1.0,2025-06-27 16:52:51.612892526+00:00,50ev|next_change,1.0,2025-06-27 16:52:51.612892526+00:00,4,0,2_vs_2,0
AAPL,2025-06-30,5a49a19562bd4e2d993bbd1360444502cf243d2ec4011fd5d3e445731bf1c926,2025-06-30 13:56:44+00:00,1.9918334827206952,200ev|next_2_changes,-1.0,2025-06-30 13:57:12.551081949+00:00,200ev|next_change,-1.0,2025-06-30 13:57:12.551081949+00:00,50ev|next_2_changes,-1.0,2025-06-30 13:57:13.443159400+00:00,50ev|next_change,-1.0,2025-06-30 13:57:13.443159400+00:00,4,0,4_of_4,-1
AAPL,2025-06-30,d20b26c03ec8fc8719fb2c0280de45f44f12c565347f2f23d133307d05b86138,2025-06-30 15:00:41+00:00,7.50356419299214,200ev|next_2_changes,-1.0,2025-06-30 15:01:10.788195542+00:00,200ev|next_change,-1.0,2025-06-30 15:01:10.788195542+00:00,50ev|next_2_changes,-1.0,2025-06-30 15:01:10.788195542+00:00,50ev|next_change,-1.0,2025-06-30 15:01:10.788195542+00:00,4,0,4_of_4,-1
AAPL,2025-06-30,8effae61a4dd6dafae868d85cfff3c3c2a93686abc3114bb8d5852b2eb8dc750,2025-06-30 17:35:13+00:00,1.2490632025974335,200ev|next_2_changes,-1.0,2025-06-30 17:35:39.214445232+00:00,200ev|next_change,-1.0,2025-06-30 17:35:39.214445232+00:00,50ev|next_2_changes,-1.0,2025-06-30 17:35:39.214445232+00:00,50ev|next_change,-1.0,2025-06-30 17:35:39.214445232+00:00,4,0,4_of_4,-1
AAPL,2025-06-30,974a4afe2981b8a1e0479a0c08ad31a26dbefb2fe4b791c5333001c67d42ae4b,2025-06-30 18:43:33+00:00,7.0129740019031495,200ev|next_2_changes,1.0,2025-06-30 18:44:02.391241577+00:00,200ev|next_change,1.0,2025-06-30 18:44:02.391241577+00:00,50ev|next_2_changes,-1.0,2025-06-30 18:44:02.391241577+00:00,50ev|next_change,-1.0,2025-06-30 18:44:02.391241577+00:00,4,0,2_vs_2,0
AMD,2025-06-02,e2d8b11e6de14e3e70c87a1b10ad935f780c5335e1801759900425cc8e713fe1,2025-06-02 17:35:13+00:00,5.715793176221951,200ev|next_2_changes,1.0,2025-06-02 17:35:40.040979+00:00,200ev|next_change,1.0,2025-06-02 17:35:40.040979+00:00,50ev|next_2_changes,1.0,2025-06-02 17:35:42.790931551+00:00,50ev|next_change,1.0,2025-06-02 17:35:42.790931551+00:00,4,0,4_of_4,1
AMD,2025-06-03,e6b9d14bcaea9c42eb18a39633d2d7641a9d42577c4fba9214d914f17073c4fb,2025-06-03 15:23:52+00:00,0.4287245444800636,200ev|next_2_changes,1.0,2025-06-03 15:24:19.788507522+00:00,200ev|next_change,1.0,2025-06-03 15:24:19.788507522+00:00,50ev|next_2_changes,1.0,2025-06-03 15:24:21.954195414+00:00,50ev|next_change,1.0,2025-06-03 15:24:21.954195414+00:00,4,0,4_of_4,1
AMD,2025-06-09,c4977710887456c75ac99cd9b5ab3715f7a11d8c26d27bb8ead3bd8a0c1d60fa,2025-06-09 18:06:55+00:00,1.6555606142132362,200ev|next_2_changes,1.0,2025-06-09 18:07:22.602985926+00:00,200ev|next_change,1.0,2025-06-09 18:07:22.602985926+00:00,50ev|next_2_changes,-1.0,2025-06-09 18:07:23.949690941+00:00,50ev|next_change,-1.0,2025-06-09 18:07:23.949690941+00:00,4,0,2_vs_2,0
AMD,2025-06-10,3970a6a843b1da3efbc604aed3951bdf0d8eaab76d8901c83f0ace3e6c8922e6,2025-06-10 15:00:13+00:00,2.454590083456054,200ev|next_2_changes,1.0,2025-06-10 15:00:41.868675708+00:00,200ev|next_change,1.0,2025-06-10 15:00:41.868675708+00:00,50ev|next_2_changes,-1.0,2025-06-10 15:00:42.772426021+00:00,50ev|next_change,-1.0,2025-06-10 15:00:42.772426021+00:00,4,0,2_vs_2,0
AMD,2025-06-11,9845ff8ae4babd817849bddd3824127536ae85a42eeb7cbd3bea189bcd1f836b,2025-06-11 14:58:52+00:00,4.470454360725462,200ev|next_2_changes,1.0,2025-06-11 14:59:17.020836366+00:00,200ev|next_change,1.0,2025-06-11 14:59:17.020836366+00:00,50ev|next_2_changes,1.0,2025-06-11 14:59:15.923746798+00:00,50ev|next_change,1.0,2025-06-11 14:59:15.923746798+00:00,4,0,4_of_4,1
AMD,2025-06-12,95225ab5459384d39d97a5b98bdcd6296c6338ffeae2d984c947bc1a8cee47c5,2025-06-12 17:21:43+00:00,5.385922028421364,200ev|next_2_changes,1.0,2025-06-12 17:22:11.874813134+00:00,200ev|next_change,1.0,2025-06-12 17:22:11.874813134+00:00,50ev|next_2_changes,-1.0,2025-06-12 17:22:12.578439119+00:00,50ev|next_change,-1.0,2025-06-12 17:22:12.578439119+00:00,4,0,2_vs_2,0
AMD,2025-06-13,1d79227491f3c2b860202fb777c1ebff3d4230d1ee4cabebfadbeef6c8b1e196,2025-06-13 14:20:05+00:00,1.7251789873196088,200ev|next_2_changes,-1.0,2025-06-13 14:20:30.385128017+00:00,200ev|next_change,-1.0,2025-06-13 14:20:30.385128017+00:00,50ev|next_2_changes,1.0,2025-06-13 14:20:30.385128017+00:00,50ev|next_change,1.0,2025-06-13 14:20:30.385128017+00:00,4,0,2_vs_2,0
AMD,2025-06-13,ed70d43444850bfe8a4ea82660392408f840d9879182d35fc9f8a472b85390bb,2025-06-13 17:07:26+00:00,0.0,200ev|next_2_changes,1.0,2025-06-13 17:07:52.464097157+00:00,200ev|next_change,1.0,2025-06-13 17:07:52.464097157+00:00,50ev|next_2_changes,1.0,2025-06-13 17:07:52.464097157+00:00,50ev|next_change,1.0,2025-06-13 17:07:52.464097157+00:00,4,0,4_of_4,1
AMD,2025-06-16,e1c2f76babbd29b7cea91f68d8a65bc90185eb6ba752b07ce0e62d6b0f3f4ca5,2025-06-16 13:41:07+00:00,2.490866821653892,200ev|next_2_changes,-1.0,2025-06-16 13:41:36.751287995+00:00,200ev|next_change,-1.0,2025-06-16 13:41:36.751287995+00:00,50ev|next_2_changes,1.0,2025-06-16 13:41:36.786705476+00:00,50ev|next_change,1.0,2025-06-16 13:41:36.786705476+00:00,4,0,2_vs_2,0
AMD,2025-06-16,386cb12c0c40e2bee8b74b0b569f1ee49c9974a8d0b2c6d8b23a778a08ec9017,2025-06-16 14:48:06+00:00,12.641226198941702,200ev|next_2_changes,-1.0,2025-06-16 14:48:35.120276701+00:00,200ev|next_change,-1.0,2025-06-16 14:48:35.120276701+00:00,50ev|next_2_changes,-1.0,2025-06-16 14:48:35.338641949+00:00,50ev|next_change,1.0,2025-06-16 14:48:35.338641949+00:00,4,0,3_of_4,-1
AMD,2025-06-16,8e01c41e2c85821485cb0f555d3986deb3852e28a50686ea6edbe1422b26fc37,2025-06-16 17:35:13+00:00,4.699064103066419,200ev|next_2_changes,-1.0,2025-06-16 17:35:38.301230787+00:00,200ev|next_change,-1.0,2025-06-16 17:35:38.301230787+00:00,50ev|next_2_changes,1.0,2025-06-16 17:35:38.289314463+00:00,50ev|next_change,1.0,2025-06-16 17:35:38.289314463+00:00,4,0,2_vs_2,0
AMD,2025-06-17,36876aefd3c7373f4a0b314b44cd65dad195ee383f97bf4706cee32d8e14d277,2025-06-17 16:20:10+00:00,3.122073056509578,200ev|next_2_changes,-1.0,2025-06-17 16:20:39.936305043+00:00,200ev|next_change,-1.0,2025-06-17 16:20:39.936305043+00:00,50ev|next_2_changes,-1.0,2025-06-17 16:20:39.936305043+00:00,50ev|next_change,-1.0,2025-06-17 16:20:39.936305043+00:00,4,0,4_of_4,-1
AMD,2025-06-18,3236bb301549724f41c6b43f27776db8c9aa4ef63d44ecf37793b8e027c760c6,2025-06-18 15:02:13+00:00,4.302589376515842,200ev|next_2_changes,-1.0,2025-06-18 15:02:40.667704885+00:00,200ev|next_change,-1.0,2025-06-18 15:02:40.667704885+00:00,50ev|next_2_changes,-1.0,2025-06-18 15:02:42.606884663+00:00,50ev|next_change,-1.0,2025-06-18 15:02:42.606884663+00:00,4,0,4_of_4,-1
AMD,2025-06-18,40451fff25b1aacd70b110e98b57809daed9d412256936e2cb51c233c9a21366,2025-06-18 17:35:13+00:00,11.485148514851495,200ev|next_2_changes,1.0,2025-06-18 17:35:41.636207192+00:00,200ev|next_change,1.0,2025-06-18 17:35:41.636207192+00:00,50ev|next_2_changes,-1.0,2025-06-18 17:35:42.996530511+00:00,50ev|next_change,-1.0,2025-06-18 17:35:42.996530511+00:00,4,0,2_vs_2,0
AMD,2025-06-20,b1e18de7dcf6fd90ccaec5a9c6af06a4acda4a00c45e358c457633618a41ac0d,2025-06-20 14:43:11+00:00,16.594627971596722,200ev|next_2_changes,-1.0,2025-06-20 14:43:39.579394591+00:00,200ev|next_change,-1.0,2025-06-20 14:43:39.579394591+00:00,50ev|next_2_changes,-1.0,2025-06-20 14:43:40.613266022+00:00,50ev|next_change,-1.0,2025-06-20 14:43:40.613266022+00:00,4,0,4_of_4,-1
AMD,2025-06-20,f0d31c38e10ce7414332721a6a31a9b45ecfc35ded840f49379f81e0dcbdf3b0,2025-06-20 17:35:11+00:00,0.780152909969356,200ev|next_2_changes,1.0,2025-06-20 17:35:39.139570695+00:00,200ev|next_change,1.0,2025-06-20 17:35:39.139570695+00:00,50ev|next_2_changes,1.0,2025-06-20 17:35:39.139570695+00:00,50ev|next_change,1.0,2025-06-20 17:35:39.139570695+00:00,4,0,4_of_4,1
AMD,2025-06-23,0acf4514820a840a78af050d1d292c1eb269d8e8878a9d4301f787859373a793,2025-06-23 17:35:16+00:00,3.0927436502103944,200ev|next_2_changes,-1.0,2025-06-23 17:35:42.783798807+00:00,200ev|next_change,-1.0,2025-06-23 17:35:42.783798807+00:00,50ev|next_2_changes,-1.0,2025-06-23 17:35:44.788087494+00:00,50ev|next_change,-1.0,2025-06-23 17:35:44.788087494+00:00,4,0,4_of_4,-1
AMD,2025-06-24,82d77bd76a5a8f72d5dedc3ad4b5e65fd1dca6dac879596207b0e22196d6e575,2025-06-24 15:00:18+00:00,11.7100303728912,200ev|next_2_changes,1.0,2025-06-24 15:00:47.914332184+00:00,200ev|next_change,1.0,2025-06-24 15:00:47.914332184+00:00,50ev|next_2_changes,-1.0,2025-06-24 15:00:47.987279312+00:00,50ev|next_change,-1.0,2025-06-24 15:00:47.987279312+00:00,4,0,2_vs_2,0
AMD,2025-06-24,84deb1fc96beb204d7542db4507189024ba4fa6c818ed3009384a650810bd368,2025-06-24 17:35:10+00:00,1.8231540565172288,200ev|next_2_changes,1.0,2025-06-24 17:35:33.124594901+00:00,200ev|next_change,1.0,2025-06-24 17:35:33.124594901+00:00,50ev|next_2_changes,1.0,2025-06-24 17:35:34.940115889+00:00,50ev|next_change,1.0,2025-06-24 17:35:34.940115889+00:00,4,0,4_of_4,1
AMD,2025-06-25,7d0585f0e7ff14a86ba10707b479eba17eb903a8e4aa9003864b31f77304bc69,2025-06-25 15:06:01+00:00,1.4083019399357966,200ev|next_2_changes,-1.0,2025-06-25 15:06:30.156247805+00:00,200ev|next_change,-1.0,2025-06-25 15:06:30.156247805+00:00,50ev|next_2_changes,1.0,2025-06-25 15:06:30.785018698+00:00,50ev|next_change,1.0,2025-06-25 15:06:30.785018698+00:00,4,0,2_vs_2,0
AMD,2025-06-25,4d0ca97553cb46913aecd022a35c62ef74d44fa22bdb190934b2a8860c6a8900,2025-06-25 16:15:49+00:00,1.7448352875493178,200ev|next_2_changes,1.0,2025-06-25 16:16:17.436832770+00:00,200ev|next_change,1.0,2025-06-25 16:16:17.436832770+00:00,50ev|next_2_changes,-1.0,2025-06-25 16:16:18.535772505+00:00,50ev|next_change,-1.0,2025-06-25 16:16:18.535772505+00:00,4,0,2_vs_2,0
AMD,2025-06-25,8377b2ae03417433d2b02e8b330b2ce08744a10c708e23eeb06f9e043a3f8bbf,2025-06-25 18:42:56+00:00,3.8507316390123942,200ev|next_2_changes,1.0,2025-06-25 18:43:24.802437827+00:00,200ev|next_change,1.0,2025-06-25 18:43:24.802437827+00:00,50ev|next_2_changes,1.0,2025-06-25 18:43:25.764318037+00:00,50ev|next_change,1.0,2025-06-25 18:43:25.764318037+00:00,4,0,4_of_4,1
AMD,2025-06-26,c7f8efa7bf0019d0e1285c7e0211ebaf94227be6ed5a0af7f2fd2ebe22e719b4,2025-06-26 17:35:13+00:00,2.437156186894107,200ev|next_2_changes,-1.0,2025-06-26 17:35:40.781461465+00:00,200ev|next_change,-1.0,2025-06-26 17:35:40.781461465+00:00,50ev|next_2_changes,1.0,2025-06-26 17:35:41.634194433+00:00,50ev|next_change,1.0,2025-06-26 17:35:41.634194433+00:00,4,0,2_vs_2,0
AMD,2025-06-27,8b6b52987960d0185c18a8283ab3847c9e451c23bc2c0c7fdb09ce332f768269,2025-06-27 17:35:13+00:00,9.026210727305362,200ev|next_2_changes,1.0,2025-06-27 17:35:41.375764100+00:00,200ev|next_change,1.0,2025-06-27 17:35:41.375764100+00:00,50ev|next_2_changes,1.0,2025-06-27 17:35:42.846982125+00:00,50ev|next_change,1.0,2025-06-27 17:35:42.846982125+00:00,4,0,4_of_4,1
AMD,2025-06-27,e5adc26efa49e1563967689f859e0480a9f85c0a9a7337b0faa7a37b38ddc690,2025-06-27 19:52:03+00:00,10.776985920389892,200ev|next_2_changes,-1.0,2025-06-27 19:52:32.175382009+00:00,200ev|next_change,-1.0,2025-06-27 19:52:32.175382009+00:00,50ev|next_2_changes,-1.0,2025-06-27 19:52:32.773754659+00:00,50ev|next_change,-1.0,2025-06-27 19:52:32.773754659+00:00,4,0,4_of_4,-1
AMD,2025-06-30,8effae61a4dd6dafae868d85cfff3c3c2a93686abc3114bb8d5852b2eb8dc750,2025-06-30 17:35:13+00:00,2.809778027536014,200ev|next_2_changes,1.0,2025-06-30 17:35:42.434549323+00:00,200ev|next_change,1.0,2025-06-30 17:35:42.434549323+00:00,50ev|next_2_changes,1.0,2025-06-30 17:35:41.862344555+00:00,50ev|next_change,1.0,2025-06-30 17:35:41.862344555+00:00,4,0,4_of_4,1
CMCSA,2025-06-09,57dc238f6c1afa77f97b838a7bb0c967d604b8bef561f9685d32d3c0a5a04ce9,2025-06-09 14:00:31+00:00,2.872325147206256,200ev|next_2_changes,-1.0,2025-06-09 14:01:00.777232309+00:00,200ev|next_change,-1.0,2025-06-09 14:01:00.777232309+00:00,50ev|next_2_changes,-1.0,2025-06-09 14:01:00.779767995+00:00,50ev|next_change,-1.0,2025-06-09 14:01:00.779767995+00:00,4,0,4_of_4,-1
CMCSA,2025-06-11,02c35c7e9314377d45228cf84916192c0b32c902d8393e00239a166802aaa5fb,2025-06-11 15:13:48+00:00,0.0,200ev|next_2_changes,,,200ev|next_change,,,50ev|next_2_changes,,,50ev|next_change,,,0,0,incomplete,0
CMCSA,2025-06-13,bbf3e30ee3e24f0d64277f18198d9984e9bf5764aad19275d90aa1cc5c920aa1,2025-06-13 16:00:54+00:00,5.650515609549878,200ev|next_2_changes,-1.0,2025-06-13 16:01:17.022443435+00:00,200ev|next_change,-1.0,2025-06-13 16:01:17.022443435+00:00,50ev|next_2_changes,-1.0,2025-06-13 16:01:20.855667514+00:00,50ev|next_change,-1.0,2025-06-13 16:01:20.855667514+00:00,4,0,4_of_4,-1
CMCSA,2025-06-13,bedf22781933e410b6b31a01633245fbbcbafc7ad122f14ee93662e843ea7cd3,2025-06-13 18:05:53+00:00,0.0,200ev|next_2_changes,1.0,2025-06-13 18:05:54.762414451+00:00,200ev|next_change,1.0,2025-06-13 18:05:54.762414451+00:00,50ev|next_2_changes,1.0,2025-06-13 18:06:11.525103660+00:00,50ev|next_change,-1.0,2025-06-13 18:06:11.525103660+00:00,4,0,3_of_4,1
CMCSA,2025-06-16,747a48c5938070562ed25be4ad3d3097936130aeb0e5d75113c987a1b1af5304,2025-06-16 19:45:13+00:00,0.0,200ev|next_2_changes,,,200ev|next_change,,,50ev|next_2_changes,,,50ev|next_change,,,0,0,incomplete,0
CMCSA,2025-06-27,54a3e6c82159d8e5549fe2a18d2da9682e0285c9bbe520089a5a9891dc83da7c,2025-06-27 15:39:59+00:00,0.0,200ev|next_2_changes,-1.0,2025-06-27 15:40:01.544453996+00:00,200ev|next_change,1.0,2025-06-27 15:40:01.544453996+00:00,50ev|next_2_changes,,,50ev|next_change,,,2,0,incomplete,0
CSCO,2025-06-03,764298563213e3a095f6df35d978004858d86f322a9182e34a621c4c5908ba31,2025-06-03 16:54:26+00:00,1.556299120690774,200ev|next_2_changes,1.0,2025-06-03 16:54:47.447194672+00:00,200ev|next_change,1.0,2025-06-03 16:54:47.447194672+00:00,50ev|next_2_changes,1.0,2025-06-03 16:54:47.447194672+00:00,50ev|next_change,1.0,2025-06-03 16:54:47.447194672+00:00,4,0,4_of_4,1
CSCO,2025-06-03,6787ebc0c1cd38287f6fcbffbbe3e7b0340e50b6ed653a57353075102508ca85,2025-06-03 18:52:19+00:00,0.0,200ev|next_2_changes,1.0,2025-06-03 18:52:24.198235008+00:00,200ev|next_change,1.0,2025-06-03 18:52:24.198235008+00:00,50ev|next_2_changes,-1.0,2025-06-03 18:52:24.966896816+00:00,50ev|next_change,-1.0,2025-06-03 18:52:24.966896816+00:00,4,0,2_vs_2,0
CSCO,2025-06-04,e0358e4bb720409d03139a8c99c7244610fe0771f64f3c1069a9da46410adee1,2025-06-04 16:53:03+00:00,0.0,200ev|next_2_changes,-1.0,2025-06-04 16:53:29.704351441+00:00,200ev|next_change,-1.0,2025-06-04 16:53:29.704351441+00:00,50ev|next_2_changes,-1.0,2025-06-04 16:53:29.664694641+00:00,50ev|next_change,-1.0,2025-06-04 16:53:29.664694641+00:00,4,0,4_of_4,-1
CSCO,2025-06-06,a1f4e05c03f8db37800e4fef9da98418dd5829ba5520c5f22d9f9a8539d2790a,2025-06-06 19:49:27+00:00,3.0300734792820805,200ev|next_2_changes,1.0,2025-06-06 19:49:53.502130552+00:00,200ev|next_change,1.0,2025-06-06 19:49:53.502130552+00:00,50ev|next_2_changes,-1.0,2025-06-06 19:49:54.462160001+00:00,50ev|next_change,-1.0,2025-06-06 19:49:54.462160001+00:00,4,0,2_vs_2,0
CSCO,2025-06-09,ef95741d57d908a77c8eba808aac63af4b603174ba349e99403a5ed6f54f132d,2025-06-09 18:00:24+00:00,0.0,200ev|next_2_changes,,,200ev|next_change,,,50ev|next_2_changes,,,50ev|next_change,,,0,0,incomplete,0
CSCO,2025-06-16,f4254dfd3e6a53c26a03513d685751107134dfdd390cdf6b6cf1992a98621147,2025-06-16 15:29:54+00:00,1.5263680073263064,200ev|next_2_changes,-1.0,2025-06-16 15:30:14.073959531+00:00,200ev|next_change,-1.0,2025-06-16 15:30:14.073959531+00:00,50ev|next_2_changes,-1.0,2025-06-16 15:30:21.551996443+00:00,50ev|next_change,-1.0,2025-06-16 15:30:21.551996443+00:00,4,0,4_of_4,-1
CSCO,2025-06-17,d4ee33e78ccde2a6d6423a81fbaa38ae8bebabadbcbe72a53e7c73270bd11b0a,2025-06-17 15:52:26+00:00,0.0,200ev|next_2_changes,,,200ev|next_change,,,50ev|next_2_changes,,,50ev|next_change,,,0,0,incomplete,0
CSCO,2025-06-18,40451fff25b1aacd70b110e98b57809daed9d412256936e2cb51c233c9a21366,2025-06-18 17:35:13+00:00,1.5122873345940755,200ev|next_2_changes,1.0,2025-06-18 17:35:41.554349072+00:00,200ev|next_change,1.0,2025-06-18 17:35:41.554349072+00:00,50ev|next_2_changes,1.0,2025-06-18 17:35:35.993928790+00:00,50ev|next_change,1.0,2025-06-18 17:35:35.993928790+00:00,4,0,4_of_4,1
CSCO,2025-06-24,84deb1fc96beb204d7542db4507189024ba4fa6c818ed3009384a650810bd368,2025-06-24 17:35:10+00:00,0.0,200ev|next_2_changes,-1.0,2025-06-24 17:35:38.635151999+00:00,200ev|next_change,-1.0,2025-06-24 17:35:38.635151999+00:00,50ev|next_2_changes,-1.0,2025-06-24 17:35:17.798166428+00:00,50ev|next_change,-1.0,2025-06-24 17:35:17.798166428+00:00,4,0,4_of_4,-1
CSCO,2025-06-24,4790f3b2f847bac6ee32a2b6ce1b4fc67e397ad2f2397879411a008f3d026714,2025-06-24 19:12:46+00:00,0.0,200ev|next_2_changes,-1.0,2025-06-24 19:13:15.234867462+00:00,200ev|next_change,-1.0,2025-06-24 19:13:15.234867462+00:00,50ev|next_2_changes,-1.0,2025-06-24 19:13:15.234867462+00:00,50ev|next_change,-1.0,2025-06-24 19:13:15.234867462+00:00,4,0,4_of_4,-1
CSCO,2025-06-26,5313d7ca78c6640aa8db75793b7974d62b7bed2caa7089d40261c0db10b12d72,2025-06-26 14:49:34+00:00,2.911843925165192,200ev|next_2_changes,-1.0,2025-06-26 14:50:01.912960685+00:00,200ev|next_change,-1.0,2025-06-26 14:50:01.912960685+00:00,50ev|next_2_changes,-1.0,2025-06-26 14:50:01.915618426+00:00,50ev|next_change,-1.0,2025-06-26 14:50:01.915618426+00:00,4,0,4_of_4,-1
INTC,2025-06-02,e2d8b11e6de14e3e70c87a1b10ad935f780c5335e1801759900425cc8e713fe1,2025-06-02 17:35:13+00:00,0.0,200ev|next_2_changes,1.0,2025-06-02 17:35:39.975557369+00:00,200ev|next_change,-1.0,2025-06-02 17:35:39.975557369+00:00,50ev|next_2_changes,-1.0,2025-06-02 17:35:39.784972626+00:00,50ev|next_change,-1.0,2025-06-02 17:35:39.784972626+00:00,4,0,3_of_4,-1
INTC,2025-06-03,9250b2d7b45bbfd3aa9a97af35024aaefb91bbd9745a581cafa80f6e3395d0b5,2025-06-03 13:50:23+00:00,5.095541401274328,200ev|next_2_changes,1.0,2025-06-03 13:50:43.261106887+00:00,200ev|next_change,1.0,2025-06-03 13:50:43.261106887+00:00,50ev|next_2_changes,-1.0,2025-06-03 13:50:38.024797941+00:00,50ev|next_change,-1.0,2025-06-03 13:50:38.024797941+00:00,4,0,2_vs_2,0
INTC,2025-06-03,6b1cb80d7191b05d54389dc884c7dc5e28cd05024c3f705b6e2b1f066001d0b8,2025-06-03 15:02:14+00:00,0.0,200ev|next_2_changes,,,200ev|next_change,,,50ev|next_2_changes,,,50ev|next_change,,,0,0,incomplete,0
INTC,2025-06-03,764298563213e3a095f6df35d978004858d86f322a9182e34a621c4c5908ba31,2025-06-03 16:54:26+00:00,0.0,200ev|next_2_changes,,,200ev|next_change,,,50ev|next_2_changes,,,50ev|next_change,,,0,0,incomplete,0
INTC,2025-06-04,47e71d2b4caec450661d9bdc1f93aed35a0c56d6cd601ded1317f576063cfcef,2025-06-04 17:35:18+00:00,0.0,200ev|next_2_changes,,,200ev|next_change,,,50ev|next_2_changes,,,50ev|next_change,,,0,0,incomplete,0
INTC,2025-06-06,6836dc4b0cf0fe9c770d0b650a2312b46b60f303dd0b2efdecfceaec64014287,2025-06-06 13:39:39+00:00,0.0,200ev|next_2_changes,-1.0,2025-06-06 13:39:58.219025734+00:00,200ev|next_change,-1.0,2025-06-06 13:39:58.219025734+00:00,50ev|next_2_changes,-1.0,2025-06-06 13:39:58.219025734+00:00,50ev|next_change,-1.0,2025-06-06 13:39:58.219025734+00:00,4,0,4_of_4,-1
INTC,2025-06-09,293a57281d0109ad39f42f812f63527cb671493322b7a97c9c3f73b848846ff7,2025-06-09 18:47:02+00:00,0.0,200ev|next_2_changes,,,200ev|next_change,,,50ev|next_2_changes,,,50ev|next_change,,,0,0,incomplete,0
INTC,2025-06-10,870a3381e5f0b42ba5b40e74c0c5005867d59203046c470231bc0cb39bdd1cc0,2025-06-10 17:35:13+00:00,4.588208304656671,200ev|next_2_changes,-1.0,2025-06-10 17:35:33.304330144+00:00,200ev|next_change,-1.0,2025-06-10 17:35:33.304330144+00:00,50ev|next_2_changes,-1.0,2025-06-10 17:35:33.304330144+00:00,50ev|next_change,-1.0,2025-06-10 17:35:33.304330144+00:00,4,0,4_of_4,-1
INTC,2025-06-10,adc1133c5452521d00bb5682bab73a00b98413f663e076079d4fd93dfeb878d1,2025-06-10 19:51:50+00:00,9.039548022599098,200ev|next_2_changes,1.0,2025-06-10 19:52:15.803639637+00:00,200ev|next_change,1.0,2025-06-10 19:52:15.803639637+00:00,50ev|next_2_changes,1.0,2025-06-10 19:52:15.803639637+00:00,50ev|next_change,1.0,2025-06-10 19:52:15.803639637+00:00,4,0,4_of_4,1
INTC,2025-06-11,be245835688c244c9eb6a1ce7cd4f1dc228a652a49a4bf6587b97b1f877a3330,2025-06-11 15:02:22+00:00,9.454029780193718,200ev|next_2_changes,1.0,2025-06-11 15:02:50.978302432+00:00,200ev|next_change,1.0,2025-06-11 15:02:50.978302432+00:00,50ev|next_2_changes,-1.0,2025-06-11 15:02:48.813730293+00:00,50ev|next_change,-1.0,2025-06-11 15:02:48.813730293+00:00,4,0,2_vs_2,0
INTC,2025-06-12,49f8f3665f60ae6eb6036b0206106e1134bb0b690ae3db8dbb9218b72a42627a,2025-06-12 17:35:14+00:00,4.785833931562067,200ev|next_2_changes,1.0,2025-06-12 17:35:34.189958206+00:00,200ev|next_change,1.0,2025-06-12 17:35:34.189958206+00:00,50ev|next_2_changes,-1.0,2025-06-12 17:35:30.126569233+00:00,50ev|next_change,-1.0,2025-06-12 17:35:30.126569233+00:00,4,0,2_vs_2,0
INTC,2025-06-16,1cee0f9ed86d416b889fa23d135a1c91353e7d649dc34940097a5ea8e225aaae,2025-06-16 15:35:06+00:00,0.0,200ev|next_2_changes,,,200ev|next_change,,,50ev|next_2_changes,,,50ev|next_change,,,0,0,incomplete,0
INTC,2025-06-17,0a25ffe4d32ed68d8207ce9e065fe07205c92a25577ba3c95e02baef30e26ee7,2025-06-17 17:35:13+00:00,4.667444574095736,200ev|next_2_changes,1.0,2025-06-17 17:35:29.958030654+00:00,200ev|next_change,1.0,2025-06-17 17:35:29.958030654+00:00,50ev|next_2_changes,1.0,2025-06-17 17:35:40.546541739+00:00,50ev|next_change,1.0,2025-06-17 17:35:40.546541739+00:00,4,0,4_of_4,1
INTC,2025-06-18,0fcbfc95cb1f570f6cccf71c823fe48c09df1a56a3e7c6ee78b711c4d8290127,2025-06-18 15:02:30+00:00,9.400705052878822,200ev|next_2_changes,-1.0,2025-06-18 15:02:46.076198467+00:00,200ev|next_change,-1.0,2025-06-18 15:02:46.076198467+00:00,50ev|next_2_changes,1.0,2025-06-18 15:02:44.327687786+00:00,50ev|next_change,1.0,2025-06-18 15:02:44.327687786+00:00,4,0,2_vs_2,0
INTC,2025-06-18,c7077c00cf9f1bd59ee551f903f4ca26b4ae1da16b6fdc9922c3e4900b3cb686,2025-06-18 16:31:20+00:00,4.6436034362662415,200ev|next_2_changes,-1.0,2025-06-18 16:31:34.937533744+00:00,200ev|next_change,-1.0,2025-06-18 16:31:34.937533744+00:00,50ev|next_2_changes,1.0,2025-06-18 16:31:34.937533744+00:00,50ev|next_change,1.0,2025-06-18 16:31:34.937533744+00:00,4,0,2_vs_2,0
INTC,2025-06-20,b9ab496c729c147b1210e613328bcdc34e496277aeb2f74d7c2f6f2fd738231f,2025-06-20 18:56:12+00:00,4.704775346977552,200ev|next_2_changes,-1.0,2025-06-20 18:56:30.770084394+00:00,200ev|next_change,1.0,2025-06-20 18:56:30.770084394+00:00,50ev|next_2_changes,1.0,2025-06-20 18:56:31.437475631+00:00,50ev|next_change,1.0,2025-06-20 18:56:31.437475631+00:00,4,0,3_of_4,1
INTC,2025-06-23,d2ad35eed542421071f5ca56d7cb2009f624da9c1a0a751e8691a15d98a62302,2025-06-23 14:39:52+00:00,0.0,200ev|next_2_changes,-1.0,2025-06-23 14:40:20.789350510+00:00,200ev|next_change,-1.0,2025-06-23 14:40:20.789350510+00:00,50ev|next_2_changes,-1.0,2025-06-23 14:40:18.829424648+00:00,50ev|next_change,-1.0,2025-06-23 14:40:18.829424648+00:00,4,0,4_of_4,-1
INTC,2025-06-23,54a51b083506e455da84db9db16ff3f4df53ff7ca3437725e4f47e1a78b9f1c9,2025-06-23 17:41:29+00:00,9.480919649205166,200ev|next_2_changes,-1.0,2025-06-23 17:41:56.618664272+00:00,200ev|next_change,-1.0,2025-06-23 17:41:56.618664272+00:00,50ev|next_2_changes,-1.0,2025-06-23 17:41:49.141696712+00:00,50ev|next_change,-1.0,2025-06-23 17:41:49.141696712+00:00,4,0,4_of_4,-1
INTC,2025-06-25,330577145ad82d774e592154cbb0dc429f5984de3e38a6412c19de7da0a7c90a,2025-06-25 16:31:57+00:00,8.942544153811571,200ev|next_2_changes,1.0,2025-06-25 16:32:22.359391672+00:00,200ev|next_change,1.0,2025-06-25 16:32:22.359391672+00:00,50ev|next_2_changes,1.0,2025-06-25 16:32:21.026330636+00:00,50ev|next_change,1.0,2025-06-25 16:32:21.026330636+00:00,4,0,4_of_4,1
INTC,2025-06-26,c7f8efa7bf0019d0e1285c7e0211ebaf94227be6ed5a0af7f2fd2ebe22e719b4,2025-06-26 17:35:13+00:00,0.0,200ev|next_2_changes,-1.0,2025-06-26 17:35:27.608620080+00:00,200ev|next_change,-1.0,2025-06-26 17:35:27.608620080+00:00,50ev|next_2_changes,-1.0,2025-06-26 17:35:27.666944729+00:00,50ev|next_change,-1.0,2025-06-26 17:35:27.666944729+00:00,4,0,4_of_4,-1
INTC,2025-06-27,e5adc26efa49e1563967689f859e0480a9f85c0a9a7337b0faa7a37b38ddc690,2025-06-27 19:52:03+00:00,4.4198895027625085,200ev|next_2_changes,-1.0,2025-06-27 19:52:32.948820209+00:00,200ev|next_change,-1.0,2025-06-27 19:52:32.948820209+00:00,50ev|next_2_changes,-1.0,2025-06-27 19:52:32.948820209+00:00,50ev|next_change,-1.0,2025-06-27 19:52:32.948820209+00:00,4,0,4_of_4,-1
INTC,2025-06-30,8effae61a4dd6dafae868d85cfff3c3c2a93686abc3114bb8d5852b2eb8dc750,2025-06-30 17:35:13+00:00,4.471272076905786,200ev|next_2_changes,-1.0,2025-06-30 17:35:20.703640096+00:00,200ev|next_change,1.0,2025-06-30 17:35:20.703640096+00:00,50ev|next_2_changes,1.0,2025-06-30 17:35:20.703640096+00:00,50ev|next_change,1.0,2025-06-30 17:35:20.703640096+00:00,4,0,3_of_4,1
MSFT,2025-06-02,9c513a288e9a7b6b61c13846a136ac7646b3f42ff1b84802c51e947ead4158b1,2025-06-02 13:59:17+00:00,1.844758173905614,200ev|next_2_changes,1.0,2025-06-02 13:59:43.945023644+00:00,200ev|next_change,1.0,2025-06-02 13:59:43.945023644+00:00,50ev|next_2_changes,1.0,2025-06-02 13:59:45.078855485+00:00,50ev|next_change,-1.0,2025-06-02 13:59:45.078855485+00:00,4,0,3_of_4,1
MSFT,2025-06-02,c816a90b14afb6fbde3a2ef17195160da4e93d66a40fa2d10215c97e901cbe56,2025-06-02 15:01:05+00:00,2.8176951253877647,200ev|next_2_changes,-1.0,2025-06-02 15:01:32.317247833+00:00,200ev|next_change,-1.0,2025-06-02 15:01:32.317247833+00:00,50ev|next_2_changes,-1.0,2025-06-02 15:01:34.031722719+00:00,50ev|next_change,-1.0,2025-06-02 15:01:34.031722719+00:00,4,0,4_of_4,-1
MSFT,2025-06-02,6dcd5c6da29e8f3f5ea1d9fd8653f0dc9253118d3048cfb0a6a189a17e450ee7,2025-06-02 16:20:27+00:00,3.6857567183745674,200ev|next_2_changes,1.0,2025-06-02 16:20:56.340107525+00:00,200ev|next_change,1.0,2025-06-02 16:20:56.340107525+00:00,50ev|next_2_changes,1.0,2025-06-02 16:20:56.351304376+00:00,50ev|next_change,1.0,2025-06-02 16:20:56.351304376+00:00,4,0,4_of_4,1
MSFT,2025-06-02,4acf63c48a60959581c2b7783e9cc032120b9a692f91f8f0f1808665d4a60829,2025-06-02 17:33:12+00:00,0.2169809273766532,200ev|next_2_changes,1.0,2025-06-02 17:33:32.277560467+00:00,200ev|next_change,1.0,2025-06-02 17:33:32.277560467+00:00,50ev|next_2_changes,-1.0,2025-06-02 17:33:32.487960534+00:00,50ev|next_change,-1.0,2025-06-02 17:33:32.487960534+00:00,4,0,2_vs_2,0
MSFT,2025-06-03,2db5d1e31adb9eaff390718cf1f761b1e5b131c5e3c15df6812c14777899b066,2025-06-03 15:00:26+00:00,7.033794678121819,200ev|next_2_changes,-1.0,2025-06-03 15:00:53.915330834+00:00,200ev|next_change,-1.0,2025-06-03 15:00:53.915330834+00:00,50ev|next_2_changes,1.0,2025-06-03 15:00:54.666536007+00:00,50ev|next_change,1.0,2025-06-03 15:00:54.666536007+00:00,4,0,2_vs_2,0
MSFT,2025-06-03,b8e5cb12be2cd08f798efa552334d96331884ebd28de9e0413f17e11c5809e63,2025-06-03 18:02:57+00:00,1.7312832054705574,200ev|next_2_changes,1.0,2025-06-03 18:03:26.217198472+00:00,200ev|next_change,1.0,2025-06-03 18:03:26.217198472+00:00,50ev|next_2_changes,1.0,2025-06-03 18:03:26.681838950+00:00,50ev|next_change,1.0,2025-06-03 18:03:26.681838950+00:00,4,0,4_of_4,1
MSFT,2025-06-04,88b482f1700aa7daad8d78aa1c3a1da914a4fba7a88522e1fe8c7357c13c27ec,2025-06-04 15:00:23+00:00,1.1833301060693024,200ev|next_2_changes,-1.0,2025-06-04 15:00:50.892631962+00:00,200ev|next_change,-1.0,2025-06-04 15:00:50.892631962+00:00,50ev|next_2_changes,-1.0,2025-06-04 15:00:52.005537503+00:00,50ev|next_change,-1.0,2025-06-04 15:00:52.005537503+00:00,4,0,4_of_4,-1
MSFT,2025-06-04,d46d9fd8e3086e81f294844aac92000491d46f4be6cbf6c7fb0bd0269b4c6955,2025-06-04 16:52:38+00:00,0.7542778328517574,200ev|next_2_changes,-1.0,2025-06-04 16:53:02.577602625+00:00,200ev|next_change,-1.0,2025-06-04 16:53:02.577602625+00:00,50ev|next_2_changes,-1.0,2025-06-04 16:53:07.832086762+00:00,50ev|next_change,-1.0,2025-06-04 16:53:07.832086762+00:00,4,0,4_of_4,-1
MSFT,2025-06-04,eaeb6ec9f74d960ae2b38dd2cf47b65e637753bd5283038b6b240007ca8be422,2025-06-04 19:22:04+00:00,0.6459600581365521,200ev|next_2_changes,-1.0,2025-06-04 19:22:33.761043047+00:00,200ev|next_change,-1.0,2025-06-04 19:22:33.761043047+00:00,50ev|next_2_changes,-1.0,2025-06-04 19:22:33.761043047+00:00,50ev|next_change,-1.0,2025-06-04 19:22:33.761043047+00:00,4,0,4_of_4,-1
MSFT,2025-06-05,6bd1eaf881a266570c16591515686114e06b459e13c501cbf684c14f5584d2b3,2025-06-05 15:00:22+00:00,1.392563709790018,200ev|next_2_changes,1.0,2025-06-05 15:00:46.072766179+00:00,200ev|next_change,1.0,2025-06-05 15:00:46.072766179+00:00,50ev|next_2_changes,1.0,2025-06-05 15:00:51.421123716+00:00,50ev|next_change,1.0,2025-06-05 15:00:51.421123716+00:00,4,0,4_of_4,1
MSFT,2025-06-05,a7ecd18f7131f06cf994805e4b04122bedc281c681487065d7febdfd424845ff,2025-06-05 19:25:49+00:00,9.727210535317443,200ev|next_2_changes,1.0,2025-06-05 19:26:15.162458738+00:00,200ev|next_change,1.0,2025-06-05 19:26:15.162458738+00:00,50ev|next_2_changes,-1.0,2025-06-05 19:26:15.602772826+00:00,50ev|next_change,-1.0,2025-06-05 19:26:15.602772826+00:00,4,0,2_vs_2,0
MSFT,2025-06-06,6e5280048224c918d91c8830bdb935b8bc32481279f0ce714f0bd59f9e1ae461,2025-06-06 15:00:24+00:00,3.0779027807259496,200ev|next_2_changes,-1.0,2025-06-06 15:00:51.507956086+00:00,200ev|next_change,-1.0,2025-06-06 15:00:51.507956086+00:00,50ev|next_2_changes,1.0,2025-06-06 15:00:53.417868624+00:00,50ev|next_change,1.0,2025-06-06 15:00:53.417868624+00:00,4,0,2_vs_2,0
MSFT,2025-06-06,fa50cd350a4817c6569dc32742882c9e234e46867535ff3f0c62b5e1efef65d6,2025-06-06 17:52:56+00:00,1.5930669725350288,200ev|next_2_changes,-1.0,2025-06-06 17:53:20.082737966+00:00,200ev|next_change,-1.0,2025-06-06 17:53:20.082737966+00:00,50ev|next_2_changes,-1.0,2025-06-06 17:53:23.520716750+00:00,50ev|next_change,-1.0,2025-06-06 17:53:23.520716750+00:00,4,0,4_of_4,-1
MSFT,2025-06-09,1e3ad7adb3d6aa08fb68eeb85c456203abcc9b09162a456f06135e0c67b67e62,2025-06-09 14:02:04+00:00,2.34089869228904,200ev|next_2_changes,-1.0,2025-06-09 14:02:29.066748755+00:00,200ev|next_change,-1.0,2025-06-09 14:02:29.066748755+00:00,50ev|next_2_changes,-1.0,2025-06-09 14:02:32.518414556+00:00,50ev|next_change,-1.0,2025-06-09 14:02:32.518414556+00:00,4,0,4_of_4,-1
MSFT,2025-06-09,7cec3bf79ce699512c5745706dae79a4463c208c62f53345035ed5b84bef95a9,2025-06-09 17:06:26+00:00,3.1779661016950733,200ev|next_2_changes,1.0,2025-06-09 17:06:51.733684293+00:00,200ev|next_change,1.0,2025-06-09 17:06:51.733684293+00:00,50ev|next_2_changes,1.0,2025-06-09 17:06:51.303070750+00:00,50ev|next_change,1.0,2025-06-09 17:06:51.303070750+00:00,4,0,4_of_4,1
MSFT,2025-06-09,d2bf6054ddf9757d17e423a00da72f7476be108b492ed8e98a67b438fcb47268,2025-06-09 19:08:25+00:00,0.5283904171116127,200ev|next_2_changes,-1.0,2025-06-09 19:08:54.867253969+00:00,200ev|next_change,-1.0,2025-06-09 19:08:54.867253969+00:00,50ev|next_2_changes,-1.0,2025-06-09 19:08:54.867253969+00:00,50ev|next_change,-1.0,2025-06-09 19:08:54.867253969+00:00,4,0,4_of_4,-1
MSFT,2025-06-10,e6762a74ef3a884a467ae8ea6e4d639aa3984131a16c9fa5e18faea4722be2df,2025-06-10 13:40:41+00:00,1.165921183727825,200ev|next_2_changes,1.0,2025-06-10 13:41:06.342249452+00:00,200ev|next_change,1.0,2025-06-10 13:41:06.342249452+00:00,50ev|next_2_changes,-1.0,2025-06-10 13:41:06.420237722+00:00,50ev|next_change,-1.0,2025-06-10 13:41:06.420237722+00:00,4,0,2_vs_2,0
MSFT,2025-06-10,870a3381e5f0b42ba5b40e74c0c5005867d59203046c470231bc0cb39bdd1cc0,2025-06-10 17:35:13+00:00,1.0653371259339297,200ev|next_2_changes,-1.0,2025-06-10 17:35:35.096790272+00:00,200ev|next_change,-1.0,2025-06-10 17:35:35.096790272+00:00,50ev|next_2_changes,-1.0,2025-06-10 17:35:40.577745247+00:00,50ev|next_change,-1.0,2025-06-10 17:35:40.577745247+00:00,4,0,4_of_4,-1
MSFT,2025-06-10,b902bcef49fbfe313cb853b1d2c66c8613bbfd473e5ba046c0b40b178b56dbe2,2025-06-10 19:37:01+00:00,3.615828822409739,200ev|next_2_changes,1.0,2025-06-10 19:37:28.382609736+00:00,200ev|next_change,1.0,2025-06-10 19:37:28.382609736+00:00,50ev|next_2_changes,1.0,2025-06-10 19:37:28.382609736+00:00,50ev|next_change,1.0,2025-06-10 19:37:28.382609736+00:00,4,0,4_of_4,1
MSFT,2025-06-11,9dca9d3bd9c3716a9406a77b143caecb5644e39311aa0039a75e957d7d45bfb6,2025-06-11 14:02:22+00:00,9.194770606326674,200ev|next_2_changes,1.0,2025-06-11 14:02:51.238762034+00:00,200ev|next_change,1.0,2025-06-11 14:02:51.238762034+00:00,50ev|next_2_changes,1.0,2025-06-11 14:02:49.162514416+00:00,50ev|next_change,1.0,2025-06-11 14:02:49.162514416+00:00,4,0,4_of_4,1
MSFT,2025-06-11,a2c87ff9f724154b63363103233168244ffe2e3926d5c56561069420b871bbf7,2025-06-11 16:01:30+00:00,2.6385781230209293,200ev|next_2_changes,-1.0,2025-06-11 16:01:59.097770695+00:00,200ev|next_change,-1.0,2025-06-11 16:01:59.097770695+00:00,50ev|next_2_changes,-1.0,2025-06-11 16:01:59.097770695+00:00,50ev|next_change,-1.0,2025-06-11 16:01:59.097770695+00:00,4,0,4_of_4,-1
MSFT,2025-06-11,2fd337b1e663e6682b0115628739747ae22862ef93bcb3b2504e1dc8aab6b119,2025-06-11 17:34:42+00:00,1.37049843974002,200ev|next_2_changes,-1.0,2025-06-11 17:35:05.626204099+00:00,200ev|next_change,-1.0,2025-06-11 17:35:05.626204099+00:00,50ev|next_2_changes,-1.0,2025-06-11 17:35:11.865318103+00:00,50ev|next_change,-1.0,2025-06-11 17:35:11.865318103+00:00,4,0,4_of_4,-1
MSFT,2025-06-12,58dedff6024414208a8ae896837af08aea1524598829fefecb7891ddf135b9c4,2025-06-12 14:10:14+00:00,3.7814331631680353,200ev|next_2_changes,-1.0,2025-06-12 14:10:41.642831412+00:00,200ev|next_change,-1.0,2025-06-12 14:10:41.642831412+00:00,50ev|next_2_changes,1.0,2025-06-12 14:10:42.811936268+00:00,50ev|next_change,-1.0,2025-06-12 14:10:42.811936268+00:00,4,0,3_of_4,-1
MSFT,2025-06-12,b1107b03bca59a354ed79dcc680f64bd5e8043e8a3e538ebfd7279b34d829aba,2025-06-12 16:52:20+00:00,1.9843756527548884,200ev|next_2_changes,-1.0,2025-06-12 16:52:42.529954984+00:00,200ev|next_change,-1.0,2025-06-12 16:52:42.529954984+00:00,50ev|next_2_changes,-1.0,2025-06-12 16:52:42.529954984+00:00,50ev|next_change,-1.0,2025-06-12 16:52:42.529954984+00:00,4,0,4_of_4,-1
MSFT,2025-06-13,20c3c89245fc5299437e854212021adf4757f8a096e8d7190086955b6670b68d,2025-06-13 15:12:50+00:00,1.5762097409766085,200ev|next_2_changes,-1.0,2025-06-13 15:13:10.677316591+00:00,200ev|next_change,-1.0,2025-06-13 15:13:10.677316591+00:00,50ev|next_2_changes,-1.0,2025-06-13 15:13:18.255125093+00:00,50ev|next_change,-1.0,2025-06-13 15:13:18.255125093+00:00,4,0,4_of_4,-1
MSFT,2025-06-13,bedf22781933e410b6b31a01633245fbbcbafc7ad122f14ee93662e843ea7cd3,2025-06-13 18:05:53+00:00,0.736423506638717,200ev|next_2_changes,-1.0,2025-06-13 18:06:18.429740076+00:00,200ev|next_change,-1.0,2025-06-13 18:06:18.429740076+00:00,50ev|next_2_changes,-1.0,2025-06-13 18:06:22.638209099+00:00,50ev|next_change,-1.0,2025-06-13 18:06:22.638209099+00:00,4,0,4_of_4,-1
MSFT,2025-06-16,e1c2f76babbd29b7cea91f68d8a65bc90185eb6ba752b07ce0e62d6b0f3f4ca5,2025-06-16 13:41:07+00:00,10.138489678599427,200ev|next_2_changes,1.0,2025-06-16 13:41:36.060050160+00:00,200ev|next_change,1.0,2025-06-16 13:41:36.060050160+00:00,50ev|next_2_changes,1.0,2025-06-16 13:41:36.266511263+00:00,50ev|next_change,1.0,2025-06-16 13:41:36.266511263+00:00,4,0,4_of_4,1
MSFT,2025-06-16,f6855a33c22f2d7fb9285caaaf6367aac4763c02e18e2f67eae87e30204503e5,2025-06-16 15:00:35+00:00,0.5213492518629792,200ev|next_2_changes,1.0,2025-06-16 15:01:00.212877957+00:00,200ev|next_change,1.0,2025-06-16 15:01:00.212877957+00:00,50ev|next_2_changes,1.0,2025-06-16 15:01:00.281691322+00:00,50ev|next_change,-1.0,2025-06-16 15:01:00.281691322+00:00,4,0,3_of_4,1
MSFT,2025-06-16,581de0996f721baba1c6d729182365c171c9ebba1659e4d838f31bd06b11cba1,2025-06-16 16:35:42+00:00,0.9374804691564264,200ev|next_2_changes,1.0,2025-06-16 16:36:11.740062406+00:00,200ev|next_change,1.0,2025-06-16 16:36:11.740062406+00:00,50ev|next_2_changes,1.0,2025-06-16 16:36:09.726879778+00:00,50ev|next_change,1.0,2025-06-16 16:36:09.726879778+00:00,4,0,4_of_4,1
MSFT,2025-06-17,438c6e87952f56817aa1ff0ece1a36957be97ba718bf0c501b9faea582981926,2025-06-17 13:33:15+00:00,3.783738333473785,200ev|next_2_changes,1.0,2025-06-17 13:33:37.992224069+00:00,200ev|next_change,-1.0,2025-06-17 13:33:37.992224069+00:00,50ev|next_2_changes,1.0,2025-06-17 13:33:42.858754956+00:00,50ev|next_change,1.0,2025-06-17 13:33:42.858754956+00:00,4,0,3_of_4,1
MSFT,2025-06-17,a6a374a522d8b0f4a31503a5012bd572ad56e1d6584697f2a6a8a621674e7a0c,2025-06-17 16:14:17+00:00,0.5235985883778049,200ev|next_2_changes,-1.0,2025-06-17 16:14:28.484625791+00:00,200ev|next_change,-1.0,2025-06-17 16:14:28.484625791+00:00,50ev|next_2_changes,1.0,2025-06-17 16:14:34.982302194+00:00,50ev|next_change,1.0,2025-06-17 16:14:34.982302194+00:00,4,0,2_vs_2,0
MSFT,2025-06-17,2a24a1eeeaabd8e8239cfe32db7f2dc4ea1f840971b5cfd5941b82615ce96e24,2025-06-17 17:24:54+00:00,4.192212964418962,200ev|next_2_changes,-1.0,2025-06-17 17:25:21.970742106+00:00,200ev|next_change,-1.0,2025-06-17 17:25:21.970742106+00:00,50ev|next_2_changes,-1.0,2025-06-17 17:25:21.970742106+00:00,50ev|next_change,-1.0,2025-06-17 17:25:21.970742106+00:00,4,0,4_of_4,-1
MSFT,2025-06-17,a794811fdcb6db86995957792eebe410b5c0b26f0f274c225b93562b0fccba92,2025-06-17 19:02:10+00:00,4.507432021636504,200ev|next_2_changes,1.0,2025-06-17 19:02:39.716302979+00:00,200ev|next_change,1.0,2025-06-17 19:02:39.716302979+00:00,50ev|next_2_changes,1.0,2025-06-17 19:02:39.716302979+00:00,50ev|next_change,1.0,2025-06-17 19:02:39.716302979+00:00,4,0,4_of_4,1
MSFT,2025-06-18,abe15e472a0cb6ed9b6172b31dec9b11af104fcc217877b9492185cb97753317,2025-06-18 13:31:32+00:00,23.222971912757465,200ev|next_2_changes,1.0,2025-06-18 13:32:01.439919694+00:00,200ev|next_change,1.0,2025-06-18 13:32:01.439919694+00:00,50ev|next_2_changes,1.0,2025-06-18 13:32:01.439919694+00:00,50ev|next_change,1.0,2025-06-18 13:32:01.439919694+00:00,4,0,4_of_4,1
MSFT,2025-06-18,c03152a4e1c0930a01f796f3c8e84b42607cca579f2d5489ae1cda2a86413a8c,2025-06-18 17:28:53+00:00,0.6269133919145631,200ev|next_2_changes,-1.0,2025-06-18 17:29:15.564325140+00:00,200ev|next_change,-1.0,2025-06-18 17:29:15.564325140+00:00,50ev|next_2_changes,-1.0,2025-06-18 17:29:15.564325140+00:00,50ev|next_change,-1.0,2025-06-18 17:29:15.564325140+00:00,4,0,4_of_4,-1
MSFT,2025-06-18,b1f78b2b638d1feb363a1a363a6bfe2b4aa27ad4f160fe5722ef0e603ca0006e,2025-06-18 19:52:40+00:00,0.0,200ev|next_2_changes,1.0,2025-06-18 19:53:07.262962208+00:00,200ev|next_change,1.0,2025-06-18 19:53:07.262962208+00:00,50ev|next_2_changes,1.0,2025-06-18 19:53:09.331740579+00:00,50ev|next_change,1.0,2025-06-18 19:53:09.331740579+00:00,4,0,4_of_4,1
MSFT,2025-06-20,ed8b4ad669ab7808890cdee795ecd1368000c6e1ab0e93c36ec7ab61e2a7b13c,2025-06-20 14:00:30+00:00,0.3119670562790055,200ev|next_2_changes,-1.0,2025-06-20 14:00:53.485882696+00:00,200ev|next_change,-1.0,2025-06-20 14:00:53.485882696+00:00,50ev|next_2_changes,-1.0,2025-06-20 14:00:54.174216687+00:00,50ev|next_change,-1.0,2025-06-20 14:00:54.174216687+00:00,4,0,4_of_4,-1
MSFT,2025-06-20,9129a0341b2a26bf04d7f5c00b1824340ed670e12d82e4f9417a1b48340179e0,2025-06-20 18:12:02+00:00,0.7309178239522929,200ev|next_2_changes,1.0,2025-06-20 18:12:22.309437393+00:00,200ev|next_change,1.0,2025-06-20 18:12:22.309437393+00:00,50ev|next_2_changes,-1.0,2025-06-20 18:12:25.527029516+00:00,50ev|next_change,-1.0,2025-06-20 18:12:25.527029516+00:00,4,0,2_vs_2,0
MSFT,2025-06-23,2e085e79d24f0720a45cce2dc33e57d78516edd15b9dce112ab0c1f6fc56b3fa,2025-06-23 15:00:23+00:00,2.7252240448616405,200ev|next_2_changes,1.0,2025-06-23 15:00:46.491602617+00:00,200ev|next_change,1.0,2025-06-23 15:00:46.491602617+00:00,50ev|next_2_changes,-1.0,2025-06-23 15:00:50.122565654+00:00,50ev|next_change,-1.0,2025-06-23 15:00:50.122565654+00:00,4,0,2_vs_2,0
MSFT,2025-06-23,0acf4514820a840a78af050d1d292c1eb269d8e8878a9d4301f787859373a793,2025-06-23 17:35:16+00:00,7.814026176988786,200ev|next_2_changes,-1.0,2025-06-23 17:35:43.452613813+00:00,200ev|next_change,-1.0,2025-06-23 17:35:43.452613813+00:00,50ev|next_2_changes,-1.0,2025-06-23 17:35:45.947816709+00:00,50ev|next_change,-1.0,2025-06-23 17:35:45.947816709+00:00,4,0,4_of_4,-1
MSFT,2025-06-24,34ca3b9e4a8f4ea550c41d4d252de4b2b60b122aca1dd51e03f1215c962e2d9e,2025-06-24 13:48:54+00:00,7.066341683222843,200ev|next_2_changes,1.0,2025-06-24 13:49:22.455865574+00:00,200ev|next_change,1.0,2025-06-24 13:49:22.455865574+00:00,50ev|next_2_changes,-1.0,2025-06-24 13:49:22.569703836+00:00,50ev|next_change,-1.0,2025-06-24 13:49:22.569703836+00:00,4,0,2_vs_2,0
MSFT,2025-06-24,ab1e87d213c889e27f844d3cce99a22af70c506114373a9b621735cf2c7622c2,2025-06-24 15:01:08+00:00,2.451731535397794,200ev|next_2_changes,-1.0,2025-06-24 15:01:34.374097209+00:00,200ev|next_change,-1.0,2025-06-24 15:01:34.374097209+00:00,50ev|next_2_changes,-1.0,2025-06-24 15:01:34.374097209+00:00,50ev|next_change,-1.0,2025-06-24 15:01:34.374097209+00:00,4,0,4_of_4,-1
MSFT,2025-06-25,546bae17da4d8b5a37cb547b22998ef736530464eb56b54b094f05e8d568496e,2025-06-25 14:52:04+00:00,0.3042472921988004,200ev|next_2_changes,1.0,2025-06-25 14:52:29.031039317+00:00,200ev|next_change,1.0,2025-06-25 14:52:29.031039317+00:00,50ev|next_2_changes,1.0,2025-06-25 14:52:32.788976157+00:00,50ev|next_change,1.0,2025-06-25 14:52:32.788976157+00:00,4,0,4_of_4,1
MSFT,2025-06-25,ad46ca1a56e3624da279a7a53cec7de5de645bf0cdaa03d745303ad23b353e6d,2025-06-25 17:18:04+00:00,3.0586340140503765,200ev|next_2_changes,1.0,2025-06-25 17:18:31.577260862+00:00,200ev|next_change,1.0,2025-06-25 17:18:31.577260862+00:00,50ev|next_2_changes,1.0,2025-06-25 17:18:33.290913608+00:00,50ev|next_change,1.0,2025-06-25 17:18:33.290913608+00:00,4,0,4_of_4,1
MSFT,2025-06-26,ec39be3cefd90a723c64c6c9958690e7f9f7f6773cad223861728b7864709e07,2025-06-26 15:00:24+00:00,2.9370955163721124,200ev|next_2_changes,1.0,2025-06-26 15:00:53.273362753+00:00,200ev|next_change,1.0,2025-06-26 15:00:53.273362753+00:00,50ev|next_2_changes,-1.0,2025-06-26 15:00:53.149107372+00:00,50ev|next_change,-1.0,2025-06-26 15:00:53.149107372+00:00,4,0,2_vs_2,0
MSFT,2025-06-26,201eb7980ecb0adbdb884851a2a17d6985733a98b41b2065495489e8cf3e0e32,2025-06-26 16:15:56+00:00,1.3153102108542924,200ev|next_2_changes,1.0,2025-06-26 16:16:24.870101126+00:00,200ev|next_change,1.0,2025-06-26 16:16:24.870101126+00:00,50ev|next_2_changes,1.0,2025-06-26 16:16:14.222168467+00:00,50ev|next_change,1.0,2025-06-26 16:16:14.222168467+00:00,4,0,4_of_4,1
MSFT,2025-06-26,f2c328ad7acc4d87869d49ef8a37146a9e3d3d604b48b98dd8329c0eff8ad34b,2025-06-26 19:37:35+00:00,1.005874305947119,200ev|next_2_changes,1.0,2025-06-26 19:38:02.237222547+00:00,200ev|next_change,1.0,2025-06-26 19:38:02.237222547+00:00,50ev|next_2_changes,-1.0,2025-06-26 19:38:03.970744077+00:00,50ev|next_change,1.0,2025-06-26 19:38:03.970744077+00:00,4,0,3_of_4,1
MSFT,2025-06-27,363105cd4cd0b2465da0704b86d4aa54c9f265dd0775ef22d08a0813067a7ef2,2025-06-27 18:18:23+00:00,5.839710028191503,200ev|next_2_changes,-1.0,2025-06-27 18:18:52.089774413+00:00,200ev|next_change,-1.0,2025-06-27 18:18:52.089774413+00:00,50ev|next_2_changes,1.0,2025-06-27 18:18:52.748797590+00:00,50ev|next_change,1.0,2025-06-27 18:18:52.748797590+00:00,4,0,2_vs_2,0
MSFT,2025-06-30,aeb300ea8093eeb3fc104146c7496b2973e189010e1592fafc2169c61cdb33c1,2025-06-30 14:00:22+00:00,7.948805666794234,200ev|next_2_changes,-1.0,2025-06-30 14:00:51.423615236+00:00,200ev|next_change,-1.0,2025-06-30 14:00:51.423615236+00:00,50ev|next_2_changes,-1.0,2025-06-30 14:00:51.423615236+00:00,50ev|next_change,-1.0,2025-06-30 14:00:51.423615236+00:00,4,0,4_of_4,-1
MSFT,2025-06-30,3258c7eee15ff46a9780a7b136628ce3103a1bebe5aaaf3dd41dfeb00da80d78,2025-06-30 15:00:27+00:00,4.127405975677956,200ev|next_2_changes,1.0,2025-06-30 15:00:52.494581466+00:00,200ev|next_change,-1.0,2025-06-30 15:00:52.494581466+00:00,50ev|next_2_changes,-1.0,2025-06-30 15:00:49.696534826+00:00,50ev|next_change,-1.0,2025-06-30 15:00:49.696534826+00:00,4,0,3_of_4,-1
MSFT,2025-06-30,1009034736e448fc5e3ebad69ffc34c87021015ed4fcb76b653afa98e517cce2,2025-06-30 18:50:03+00:00,2.609289069086529,200ev|next_2_changes,-1.0,2025-06-30 18:50:27.846290059+00:00,200ev|next_change,-1.0,2025-06-30 18:50:27.846290059+00:00,50ev|next_2_changes,-1.0,2025-06-30 18:50:27.846290059+00:00,50ev|next_change,-1.0,2025-06-30 18:50:27.846290059+00:00,4,0,4_of_4,-1
NVDA,2025-06-02,e2d8b11e6de14e3e70c87a1b10ad935f780c5335e1801759900425cc8e713fe1,2025-06-02 17:35:13+00:00,2.9051821186043547,200ev|next_2_changes,1.0,2025-06-02 17:35:42.668558257+00:00,200ev|next_change,1.0,2025-06-02 17:35:42.668558257+00:00,50ev|next_2_changes,1.0,2025-06-02 17:35:42.792895886+00:00,50ev|next_change,1.0,2025-06-02 17:35:42.792895886+00:00,4,0,4_of_4,1
NVDA,2025-06-03,504fceac950e7923fc3a7baedef05729f4a485c9e3067350f8626fb754176d3c,2025-06-03 15:00:18+00:00,2.1140904126004667,200ev|next_2_changes,-1.0,2025-06-03 15:00:47.554886941+00:00,200ev|next_change,-1.0,2025-06-03 15:00:47.554886941+00:00,50ev|next_2_changes,1.0,2025-06-03 15:00:47.801548587+00:00,50ev|next_change,1.0,2025-06-03 15:00:47.801548587+00:00,4,0,2_vs_2,0
NVDA,2025-06-04,122f987393a56d6ba1167b29fedc69e884a388eca7ad03bae551e5216fbbf762,2025-06-04 13:37:55+00:00,17.222593230465932,200ev|next_2_changes,1.0,2025-06-04 13:38:24.692205715+00:00,200ev|next_change,1.0,2025-06-04 13:38:24.692205715+00:00,50ev|next_2_changes,-1.0,2025-06-04 13:38:24.960051878+00:00,50ev|next_change,-1.0,2025-06-04 13:38:24.960051878+00:00,4,0,2_vs_2,0
NVDA,2025-06-04,ac947c32e85a7b31f240bb0001eb8e7efd6ef45ca28ffe0034f839e5ee5e05ac,2025-06-04 15:00:15+00:00,4.9496199398979535,200ev|next_2_changes,1.0,2025-06-04 15:00:43.837717716+00:00,200ev|next_change,1.0,2025-06-04 15:00:43.837717716+00:00,50ev|next_2_changes,1.0,2025-06-04 15:00:43.837717716+00:00,50ev|next_change,1.0,2025-06-04 15:00:43.837717716+00:00,4,0,4_of_4,1
NVDA,2025-06-04,47e71d2b4caec450661d9bdc1f93aed35a0c56d6cd601ded1317f576063cfcef,2025-06-04 17:35:18+00:00,7.100507686299551,200ev|next_2_changes,-1.0,2025-06-04 17:35:47.480070200+00:00,200ev|next_change,-1.0,2025-06-04 17:35:47.480070200+00:00,50ev|next_2_changes,1.0,2025-06-04 17:35:47.501701094+00:00,50ev|next_change,1.0,2025-06-04 17:35:47.501701094+00:00,4,0,2_vs_2,0
NVDA,2025-06-04,eaeb6ec9f74d960ae2b38dd2cf47b65e637753bd5283038b6b240007ca8be422,2025-06-04 19:22:04+00:00,0.7050943063635629,200ev|next_2_changes,-1.0,2025-06-04 19:22:31.844818235+00:00,200ev|next_change,-1.0,2025-06-04 19:22:31.844818235+00:00,50ev|next_2_changes,-1.0,2025-06-04 19:22:32.713760075+00:00,50ev|next_change,-1.0,2025-06-04 19:22:32.713760075+00:00,4,0,4_of_4,-1
NVDA,2025-06-05,2ecd4b1c6b632e7751cdd0962fda98b2602169baa4bf0aba8997ee5ec8f1a83c,2025-06-05 15:22:54+00:00,3.4983382893116755,200ev|next_2_changes,1.0,2025-06-05 15:23:22.558264325+00:00,200ev|next_change,1.0,2025-06-05 15:23:22.558264325+00:00,50ev|next_2_changes,-1.0,2025-06-05 15:23:22.558264325+00:00,50ev|next_change,-1.0,2025-06-05 15:23:22.558264325+00:00,4,0,2_vs_2,0
NVDA,2025-06-05,efc82cdb2990f53fd4d5e58fb2b1a41d03611089afcca08b6ea0c90df58c7517,2025-06-05 17:35:13+00:00,2.119167873415595,200ev|next_2_changes,-1.0,2025-06-05 17:35:41.830423446+00:00,200ev|next_change,-1.0,2025-06-05 17:35:41.830423446+00:00,50ev|next_2_changes,-1.0,2025-06-05 17:35:40.774463661+00:00,50ev|next_change,-1.0,2025-06-05 17:35:40.774463661+00:00,4,0,4_of_4,-1
NVDA,2025-06-06,eba9ad484462587cee6ce4408d86702d24168cfc11cf506387abf41dcc19e9e8,2025-06-06 15:00:14+00:00,2.810271542488252,200ev|next_2_changes,-1.0,2025-06-06 15:00:43.575068454+00:00,200ev|next_change,-1.0,2025-06-06 15:00:43.575068454+00:00,50ev|next_2_changes,1.0,2025-06-06 15:00:43.804767273+00:00,50ev|next_change,1.0,2025-06-06 15:00:43.804767273+00:00,4,0,2_vs_2,0
NVDA,2025-06-06,1b287fbfd658bbb6d997cc61b8c40ca848c57704824357f95cb3c89d17124a10,2025-06-06 16:01:18+00:00,2.8128406174188214,200ev|next_2_changes,-1.0,2025-06-06 16:01:47.479996042+00:00,200ev|next_change,-1.0,2025-06-06 16:01:47.479996042+00:00,50ev|next_2_changes,-1.0,2025-06-06 16:01:47.493645207+00:00,50ev|next_change,-1.0,2025-06-06 16:01:47.493645207+00:00,4,0,4_of_4,-1
NVDA,2025-06-06,8c0c48a983ee2f505827db19acf64f8bf4a4a7e9e3401d64e464a91fc58cb84c,2025-06-06 17:35:14+00:00,2.814820027444709,200ev|next_2_changes,1.0,2025-06-06 17:35:43.398828537+00:00,200ev|next_change,-1.0,2025-06-06 17:35:43.398828537+00:00,50ev|next_2_changes,1.0,2025-06-06 17:35:43.653957936+00:00,50ev|next_change,1.0,2025-06-06 17:35:43.653957936+00:00,4,0,3_of_4,1
NVDA,2025-06-09,fcc99b593f1e86ec2253060f958d0d8ea87e9e66c4e73c1ae96579c8ddea15fd,2025-06-09 14:28:20+00:00,3.464643314970983,200ev|next_2_changes,-1.0,2025-06-09 14:28:49.786442521+00:00,200ev|next_change,-1.0,2025-06-09 14:28:49.786442521+00:00,50ev|next_2_changes,-1.0,2025-06-09 14:28:49.786442521+00:00,50ev|next_change,-1.0,2025-06-09 14:28:49.786442521+00:00,4,0,4_of_4,-1
NVDA,2025-06-09,55e5ecc2937e87c056028a566d13337abbf6429cdecd9a5ddce7db78f1847a78,2025-06-09 16:26:13+00:00,3.510619624363942,200ev|next_2_changes,-1.0,2025-06-09 16:26:42.165322823+00:00,200ev|next_change,-1.0,2025-06-09 16:26:42.165322823+00:00,50ev|next_2_changes,1.0,2025-06-09 16:26:42.165322823+00:00,50ev|next_change,1.0,2025-06-09 16:26:42.165322823+00:00,4,0,2_vs_2,0
NVDA,2025-06-09,0a73779c725ca419a5485052e947c2504f28e7695a491df3bbee908e55d80b47,2025-06-09 17:35:13+00:00,4.207426107079026,200ev|next_2_changes,1.0,2025-06-09 17:35:42.650979218+00:00,200ev|next_change,1.0,2025-06-09 17:35:42.650979218+00:00,50ev|next_2_changes,1.0,2025-06-09 17:35:42.913905424+00:00,50ev|next_change,1.0,2025-06-09 17:35:42.913905424+00:00,4,0,4_of_4,1
NVDA,2025-06-10,b74af8c50ca0c222a9274a5013cb338968326e8d656b9a9271583582ebaa99df,2025-06-10 14:26:46+00:00,3.5005425841005966,200ev|next_2_changes,1.0,2025-06-10 14:27:15.632441727+00:00,200ev|next_change,1.0,2025-06-10 14:27:15.632441727+00:00,50ev|next_2_changes,-1.0,2025-06-10 14:27:15.739288815+00:00,50ev|next_change,-1.0,2025-06-10 14:27:15.739288815+00:00,4,0,2_vs_2,0
NVDA,2025-06-10,d0f0844a05ccaff19fbf6781a863efa60f5de466f34e5900fe8d2a39ec1f1e00,2025-06-10 15:56:32+00:00,2.101649795089866,200ev|next_2_changes,-1.0,2025-06-10 15:57:00.249946920+00:00,200ev|next_change,-1.0,2025-06-10 15:57:00.249946920+00:00,50ev|next_2_changes,-1.0,2025-06-10 15:57:01.775898897+00:00,50ev|next_change,-1.0,2025-06-10 15:57:01.775898897+00:00,4,0,4_of_4,-1
NVDA,2025-06-10,870a3381e5f0b42ba5b40e74c0c5005867d59203046c470231bc0cb39bdd1cc0,2025-06-10 17:35:13+00:00,1.400903582811086,200ev|next_2_changes,1.0,2025-06-10 17:35:41.331045123+00:00,200ev|next_change,1.0,2025-06-10 17:35:41.331045123+00:00,50ev|next_2_changes,1.0,2025-06-10 17:35:42.317716822+00:00,50ev|next_change,1.0,2025-06-10 17:35:42.317716822+00:00,4,0,4_of_4,1
NVDA,2025-06-11,13c85ee14633c957d243cd314413f67e88376e809b53e39519ad4e23b0807904,2025-06-11 14:04:46+00:00,6.950477845351077,200ev|next_2_changes,1.0,2025-06-11 14:05:15.847393182+00:00,200ev|next_change,1.0,2025-06-11 14:05:15.847393182+00:00,50ev|next_2_changes,1.0,2025-06-11 14:05:15.836452286+00:00,50ev|next_change,1.0,2025-06-11 14:05:15.836452286+00:00,4,0,4_of_4,1
NVDA,2025-06-11,1c952b111b9ecf3606c416ecca5cf2ab0c24a637a2685c17755c30433c1a5c9b,2025-06-11 17:35:16+00:00,2.087174313841756,200ev|next_2_changes,1.0,2025-06-11 17:35:38.728489239+00:00,200ev|next_change,1.0,2025-06-11 17:35:38.728489239+00:00,50ev|next_2_changes,1.0,2025-06-11 17:35:38.728489239+00:00,50ev|next_change,1.0,2025-06-11 17:35:38.728489239+00:00,4,0,4_of_4,1
NVDA,2025-06-11,dc3d6513fc358d93ce8c751a29261eac93041b5581cfaaa0099edb37a17a2aee,2025-06-11 18:46:13+00:00,2.798279058379149,200ev|next_2_changes,1.0,2025-06-11 18:46:41.632354609+00:00,200ev|next_change,1.0,2025-06-11 18:46:41.632354609+00:00,50ev|next_2_changes,-1.0,2025-06-11 18:46:41.420724608+00:00,50ev|next_change,-1.0,2025-06-11 18:46:41.420724608+00:00,4,0,2_vs_2,0
NVDA,2025-06-12,a485cfbecefc40ce326ba671827b7dafa49a7f5336ab26db52b60e1ecba32aef,2025-06-12 16:14:18+00:00,4.1613205257129415,200ev|next_2_changes,-1.0,2025-06-12 16:14:45.154575186+00:00,200ev|next_change,-1.0,2025-06-12 16:14:45.154575186+00:00,50ev|next_2_changes,1.0,2025-06-12 16:14:45.069919641+00:00,50ev|next_change,1.0,2025-06-12 16:14:45.069919641+00:00,4,0,2_vs_2,0
NVDA,2025-06-13,0f6363dedfa689bddf3b6f2764b61faa9a545bf12f6bfecfdb0bf6a634bd0583,2025-06-13 14:02:34+00:00,3.148834931074873,200ev|next_2_changes,-1.0,2025-06-13 14:03:03.539442134+00:00,200ev|next_change,-1.0,2025-06-13 14:03:03.539442134+00:00,50ev|next_2_changes,-1.0,2025-06-13 14:03:03.607776572+00:00,50ev|next_change,-1.0,2025-06-13 14:03:03.607776572+00:00,4,0,4_of_4,-1
NVDA,2025-06-13,36672e11ee190bdf02cb3bd1f4af84e4a823a73a1697d924621b7bb7d2abce25,2025-06-13 19:50:16+00:00,1.4099897775743386,200ev|next_2_changes,1.0,2025-06-13 19:50:45.792510948+00:00,200ev|next_change,1.0,2025-06-13 19:50:45.792510948+00:00,50ev|next_2_changes,1.0,2025-06-13 19:50:45.775796831+00:00,50ev|next_change,1.0,2025-06-13 19:50:45.775796831+00:00,4,0,4_of_4,1
NVDA,2025-06-16,e1c2f76babbd29b7cea91f68d8a65bc90185eb6ba752b07ce0e62d6b0f3f4ca5,2025-06-16 13:41:07+00:00,3.823958840297737,200ev|next_2_changes,-1.0,2025-06-16 13:41:36.586295117+00:00,200ev|next_change,-1.0,2025-06-16 13:41:36.586295117+00:00,50ev|next_2_changes,-1.0,2025-06-16 13:41:36.648340971+00:00,50ev|next_change,-1.0,2025-06-16 13:41:36.648340971+00:00,4,0,4_of_4,-1
NVDA,2025-06-16,e39c008969a85829676ce52039c7875c6a70e69de9c211405cba9be751e3598d,2025-06-16 14:49:00+00:00,3.465603881476209,200ev|next_2_changes,-1.0,2025-06-16 14:49:29.518215210+00:00,200ev|next_change,-1.0,2025-06-16 14:49:29.518215210+00:00,50ev|next_2_changes,-1.0,2025-06-16 14:49:29.868745345+00:00,50ev|next_change,-1.0,2025-06-16 14:49:29.868745345+00:00,4,0,4_of_4,-1
NVDA,2025-06-16,8e01c41e2c85821485cb0f555d3986deb3852e28a50686ea6edbe1422b26fc37,2025-06-16 17:35:13+00:00,6.53078060014467,200ev|next_2_changes,1.0,2025-06-16 17:35:41.168859766+00:00,200ev|next_change,1.0,2025-06-16 17:35:41.168859766+00:00,50ev|next_2_changes,-1.0,2025-06-16 17:35:42.823302424+00:00,50ev|next_change,-1.0,2025-06-16 17:35:42.823302424+00:00,4,0,2_vs_2,0
NVDA,2025-06-17,c9ad5e6b51bc591a018ef19c00f1805337d194c6e623e195ed42b8ad416c1d18,2025-06-17 16:29:19+00:00,2.7571945545412646,200ev|next_2_changes,-1.0,2025-06-17 16:29:46.477336284+00:00,200ev|next_change,-1.0,2025-06-17 16:29:46.477336284+00:00,50ev|next_2_changes,-1.0,2025-06-17 16:29:44.450046407+00:00,50ev|next_change,-1.0,2025-06-17 16:29:44.450046407+00:00,4,0,4_of_4,-1
NVDA,2025-06-17,0a25ffe4d32ed68d8207ce9e065fe07205c92a25577ba3c95e02baef30e26ee7,2025-06-17 17:35:13+00:00,1.3800241504235975,200ev|next_2_changes,-1.0,2025-06-17 17:35:41.176369958+00:00,200ev|next_change,-1.0,2025-06-17 17:35:41.176369958+00:00,50ev|next_2_changes,1.0,2025-06-17 17:35:41.866975514+00:00,50ev|next_change,1.0,2025-06-17 17:35:41.866975514+00:00,4,0,2_vs_2,0
NVDA,2025-06-17,d0e41b1e242d10f95a2ca49345535550dff5ba39cf2f70b393fe5dc5e41d1721,2025-06-17 19:14:28+00:00,2.081526452731852,200ev|next_2_changes,-1.0,2025-06-17 19:14:57.553695827+00:00,200ev|next_change,-1.0,2025-06-17 19:14:57.553695827+00:00,50ev|next_2_changes,-1.0,2025-06-17 19:14:57.553695827+00:00,50ev|next_change,-1.0,2025-06-17 19:14:57.553695827+00:00,4,0,4_of_4,-1
NVDA,2025-06-20,ed8b4ad669ab7808890cdee795ecd1368000c6e1ab0e93c36ec7ab61e2a7b13c,2025-06-20 14:00:30+00:00,3.776694362425115,200ev|next_2_changes,1.0,2025-06-20 14:00:59.133852898+00:00,200ev|next_change,1.0,2025-06-20 14:00:59.133852898+00:00,50ev|next_2_changes,1.0,2025-06-20 14:00:59.854258634+00:00,50ev|next_change,1.0,2025-06-20 14:00:59.854258634+00:00,4,0,4_of_4,1
NVDA,2025-06-20,f0d31c38e10ce7414332721a6a31a9b45ecfc35ded840f49379f81e0dcbdf3b0,2025-06-20 17:35:11+00:00,2.7875535732957424,200ev|next_2_changes,-1.0,2025-06-20 17:35:40.347467332+00:00,200ev|next_change,-1.0,2025-06-20 17:35:40.347467332+00:00,50ev|next_2_changes,-1.0,2025-06-20 17:35:40.338336755+00:00,50ev|next_change,-1.0,2025-06-20 17:35:40.338336755+00:00,4,0,4_of_4,-1
NVDA,2025-06-23,5dc8c59f2a5909d7e38a25b92195b766a0cb0807bb4348ff18acaa60206866db,2025-06-23 14:27:31+00:00,4.173767868943523,200ev|next_2_changes,-1.0,2025-06-23 14:27:59.996496523+00:00,200ev|next_change,-1.0,2025-06-23 14:27:59.996496523+00:00,50ev|next_2_changes,-1.0,2025-06-23 14:28:00.289849029+00:00,50ev|next_change,-1.0,2025-06-23 14:28:00.289849029+00:00,4,0,4_of_4,-1
NVDA,2025-06-23,9c1cbbfb1eb1962d54a53870efa34d5a1523577713735416fd0ab38f38bb924f,2025-06-23 16:01:44+00:00,2.088045937010952,200ev|next_2_changes,1.0,2025-06-23 16:02:13.880711836+00:00,200ev|next_change,1.0,2025-06-23 16:02:13.880711836+00:00,50ev|next_2_changes,1.0,2025-06-23 16:02:13.598209938+00:00,50ev|next_change,1.0,2025-06-23 16:02:13.598209938+00:00,4,0,4_of_4,1
NVDA,2025-06-23,0acf4514820a840a78af050d1d292c1eb269d8e8878a9d4301f787859373a793,2025-06-23 17:35:16+00:00,1.3835564318087634,200ev|next_2_changes,-1.0,2025-06-23 17:35:45.392367942+00:00,200ev|next_change,-1.0,2025-06-23 17:35:45.392367942+00:00,50ev|next_2_changes,-1.0,2025-06-23 17:35:45.537847083+00:00,50ev|next_change,-1.0,2025-06-23 17:35:45.537847083+00:00,4,0,4_of_4,-1
NVDA,2025-06-24,316d7e18821f518221267166f8d9b04a68c21c712d69809f9074c5b2256a64a5,2025-06-24 14:00:50+00:00,3.3995104704920287,200ev|next_2_changes,1.0,2025-06-24 14:01:19.694150118+00:00,200ev|next_change,1.0,2025-06-24 14:01:19.694150118+00:00,50ev|next_2_changes,1.0,2025-06-24 14:01:19.694150118+00:00,50ev|next_change,1.0,2025-06-24 14:01:19.694150118+00:00,4,0,4_of_4,1
NVDA,2025-06-24,9cf66098b41f70afed6f28e3ec152757ad26d5fe2bcc7fd7d138c1ffa78e65e2,2025-06-24 15:01:00+00:00,4.757212273607259,200ev|next_2_changes,-1.0,2025-06-24 15:01:29.133839645+00:00,200ev|next_change,-1.0,2025-06-24 15:01:29.133839645+00:00,50ev|next_2_changes,-1.0,2025-06-24 15:01:29.133839645+00:00,50ev|next_change,-1.0,2025-06-24 15:01:29.133839645+00:00,4,0,4_of_4,-1
NVDA,2025-06-24,8967d1cee23e636a233462e645e646a2200aec490663037f8f49eaa15c47bfac,2025-06-24 16:06:35+00:00,0.6814077884920167,200ev|next_2_changes,1.0,2025-06-24 16:07:01.332204885+00:00,200ev|next_change,1.0,2025-06-24 16:07:01.332204885+00:00,50ev|next_2_changes,1.0,2025-06-24 16:07:03.785987546+00:00,50ev|next_change,1.0,2025-06-24 16:07:03.785987546+00:00,4,0,4_of_4,1
NVDA,2025-06-24,84deb1fc96beb204d7542db4507189024ba4fa6c818ed3009384a650810bd368,2025-06-24 17:35:10+00:00,2.713059992539568,200ev|next_2_changes,1.0,2025-06-24 17:35:39.072394731+00:00,200ev|next_change,1.0,2025-06-24 17:35:39.072394731+00:00,50ev|next_2_changes,-1.0,2025-06-24 17:35:39.072394731+00:00,50ev|next_change,-1.0,2025-06-24 17:35:39.072394731+00:00,4,0,2_vs_2,0
NVDA,2025-06-24,a3aabf21700b6b929a8115618c59bba2a4065e07ddad075f4c2d816af80cab5a,2025-06-24 19:00:16+00:00,0.6782189969145591,200ev|next_2_changes,1.0,2025-06-24 19:00:45.960213043+00:00,200ev|next_change,1.0,2025-06-24 19:00:45.960213043+00:00,50ev|next_2_changes,1.0,2025-06-24 19:00:45.960213043+00:00,50ev|next_change,1.0,2025-06-24 19:00:45.960213043+00:00,4,0,4_of_4,1
NVDA,2025-06-25,397e7e51dc29f688ab4577b78a05587ae0ad288bbaf6e72119b7ed0762fcb742,2025-06-25 15:00:12+00:00,4.580102725161295,200ev|next_2_changes,-1.0,2025-06-25 15:00:41.822565267+00:00,200ev|next_change,-1.0,2025-06-25 15:00:41.822565267+00:00,50ev|next_2_changes,-1.0,2025-06-25 15:00:41.822565267+00:00,50ev|next_change,-1.0,2025-06-25 15:00:41.822565267+00:00,4,0,4_of_4,-1
NVDA,2025-06-25,ad46ca1a56e3624da279a7a53cec7de5de645bf0cdaa03d745303ad23b353e6d,2025-06-25 17:18:04+00:00,5.213254700073833,200ev|next_2_changes,-1.0,2025-06-25 17:18:33.599331226+00:00,200ev|next_change,-1.0,2025-06-25 17:18:33.599331226+00:00,50ev|next_2_changes,-1.0,2025-06-25 17:18:33.599331226+00:00,50ev|next_change,-1.0,2025-06-25 17:18:33.599331226+00:00,4,0,4_of_4,-1
NVDA,2025-06-25,5212f39e5ec8491a72b6149d370e4127b7082c5cc8de04ca7cb7194d9ad8b0cc,2025-06-25 18:46:20+00:00,0.651402143112545,200ev|next_2_changes,1.0,2025-06-25 18:46:48.819025763+00:00,200ev|next_change,1.0,2025-06-25 18:46:48.819025763+00:00,50ev|next_2_changes,1.0,2025-06-25 18:46:48.819025763+00:00,50ev|next_change,1.0,2025-06-25 18:46:48.819025763+00:00,4,0,4_of_4,1
NVDA,2025-06-26,74d8c6f938b913baf3314fa593c5e7a79260fd2867bcb7bb21cbdb1b8159fa55,2025-06-26 14:24:01+00:00,6.086037349051221,200ev|next_2_changes,-1.0,2025-06-26 14:24:30.240578822+00:00,200ev|next_change,-1.0,2025-06-26 14:24:30.240578822+00:00,50ev|next_2_changes,-1.0,2025-06-26 14:24:30.246594069+00:00,50ev|next_change,-1.0,2025-06-26 14:24:30.246594069+00:00,4,0,4_of_4,-1
NVDA,2025-06-26,c7f8efa7bf0019d0e1285c7e0211ebaf94227be6ed5a0af7f2fd2ebe22e719b4,2025-06-26 17:35:13+00:00,0.6407586582513058,200ev|next_2_changes,1.0,2025-06-26 17:35:38.774190868+00:00,200ev|next_change,1.0,2025-06-26 17:35:38.774190868+00:00,50ev|next_2_changes,-1.0,2025-06-26 17:35:41.622649499+00:00,50ev|next_change,-1.0,2025-06-26 17:35:41.622649499+00:00,4,0,2_vs_2,0
NVDA,2025-06-27,b311abef49c0a43386c0394eb98144b0a0cdc6eae6cc2810cdd7bc443557515e,2025-06-27 14:16:04+00:00,0.6379788828991817,200ev|next_2_changes,-1.0,2025-06-27 14:16:33.201680859+00:00,200ev|next_change,-1.0,2025-06-27 14:16:33.201680859+00:00,50ev|next_2_changes,1.0,2025-06-27 14:16:33.685435792+00:00,50ev|next_change,1.0,2025-06-27 14:16:33.685435792+00:00,4,0,2_vs_2,0
NVDA,2025-06-27,e1913852d8b85b7c6d0db89a2f21cb3788c626120b7488fb1cc7d34d25a32086,2025-06-27 17:11:25+00:00,0.0,200ev|next_2_changes,-1.0,2025-06-27 17:11:54.048350668+00:00,200ev|next_change,-1.0,2025-06-27 17:11:54.048350668+00:00,50ev|next_2_changes,-1.0,2025-06-27 17:11:53.549106953+00:00,50ev|next_change,-1.0,2025-06-27 17:11:53.549106953+00:00,4,0,4_of_4,-1
NVDA,2025-06-27,e5adc26efa49e1563967689f859e0480a9f85c0a9a7337b0faa7a37b38ddc690,2025-06-27 19:52:03+00:00,1.9071231047962376,200ev|next_2_changes,1.0,2025-06-27 19:52:32.953014455+00:00,200ev|next_change,1.0,2025-06-27 19:52:32.953014455+00:00,50ev|next_2_changes,-1.0,2025-06-27 19:52:32.953868627+00:00,50ev|next_change,-1.0,2025-06-27 19:52:32.953868627+00:00,4,0,2_vs_2,0
NVDA,2025-06-30,1bb1f8151106feb6196f7d34d136bbf9df2290c38364e19afc91d65f89dfe243,2025-06-30 15:00:17+00:00,6.990118514282884,200ev|next_2_changes,1.0,2025-06-30 15:00:46.558965319+00:00,200ev|next_change,1.0,2025-06-30 15:00:46.558965319+00:00,50ev|next_2_changes,-1.0,2025-06-30 15:00:46.558965319+00:00,50ev|next_change,-1.0,2025-06-30 15:00:46.558965319+00:00,4,0,2_vs_2,0
NVDA,2025-06-30,65e9d8ed8165441c8888df9bcb67428847a1a6bc553c520d48e56d8cb018dcc1,2025-06-30 17:12:18+00:00,1.8992751099999872,200ev|next_2_changes,-1.0,2025-06-30 17:12:43.888384483+00:00,200ev|next_change,-1.0,2025-06-30 17:12:43.888384483+00:00,50ev|next_2_changes,-1.0,2025-06-30 17:12:46.356006765+00:00,50ev|next_change,-1.0,2025-06-30 17:12:46.356006765+00:00,4,0,4_of_4,-1
NVDA,2025-06-30,683483160d244cbf9a042f01ee9f0744a23414af93d2ecc1e6269ba1507cc8a3,2025-06-30 19:43:29+00:00,1.2643423839175938,200ev|next_2_changes,-1.0,2025-06-30 19:43:58.653069102+00:00,200ev|next_change,-1.0,2025-06-30 19:43:58.653069102+00:00,50ev|next_2_changes,1.0,2025-06-30 19:43:58.660259993+00:00,50ev|next_change,1.0,2025-06-30 19:43:58.660259993+00:00,4,0,2_vs_2,0
TSLA,2025-06-02,53c17e97d4c7fa5421fcd1e05f13a026320e8f06ffaee7de6b900d2bf3ef1af5,2025-06-02 15:16:59+00:00,11.026508322034,200ev|next_2_changes,-1.0,2025-06-02 15:17:28.284601243+00:00,200ev|next_change,-1.0,2025-06-02 15:17:28.284601243+00:00,50ev|next_2_changes,-1.0,2025-06-02 15:17:27.949615945+00:00,50ev|next_change,-1.0,2025-06-02 15:17:27.949615945+00:00,4,0,4_of_4,-1
TSLA,2025-06-02,6dcd5c6da29e8f3f5ea1d9fd8653f0dc9253118d3048cfb0a6a189a17e450ee7,2025-06-02 16:20:27+00:00,9.62150480335211,200ev|next_2_changes,-1.0,2025-06-02 16:20:56.911068989+00:00,200ev|next_change,-1.0,2025-06-02 16:20:56.911068989+00:00,50ev|next_2_changes,-1.0,2025-06-02 16:20:56.911068989+00:00,50ev|next_change,-1.0,2025-06-02 16:20:56.911068989+00:00,4,0,4_of_4,-1
TSLA,2025-06-02,5caa08c78d83881be45d5559c7e5779eb977c0ec554a3d7fbba427ac5839619d,2025-06-02 19:44:41+00:00,1.7572118904674028,200ev|next_2_changes,-1.0,2025-06-02 19:45:07.458444285+00:00,200ev|next_change,-1.0,2025-06-02 19:45:07.458444285+00:00,50ev|next_2_changes,1.0,2025-06-02 19:45:09.033976275+00:00,50ev|next_change,1.0,2025-06-02 19:45:09.033976275+00:00,4,0,2_vs_2,0
TSLA,2025-06-03,e6b9d14bcaea9c42eb18a39633d2d7641a9d42577c4fba9214d914f17073c4fb,2025-06-03 15:23:52+00:00,1.280847066860158,200ev|next_2_changes,-1.0,2025-06-03 15:24:21.129171024+00:00,200ev|next_change,-1.0,2025-06-03 15:24:21.129171024+00:00,50ev|next_2_changes,-1.0,2025-06-03 15:24:21.951836305+00:00,50ev|next_change,-1.0,2025-06-03 15:24:21.951836305+00:00,4,0,4_of_4,-1
TSLA,2025-06-04,122f987393a56d6ba1167b29fedc69e884a388eca7ad03bae551e5216fbbf762,2025-06-04 13:37:55+00:00,0.4382184957418822,200ev|next_2_changes,-1.0,2025-06-04 13:38:24.120055225+00:00,200ev|next_change,-1.0,2025-06-04 13:38:24.120055225+00:00,50ev|next_2_changes,1.0,2025-06-04 13:38:24.871199903+00:00,50ev|next_change,1.0,2025-06-04 13:38:24.871199903+00:00,4,0,2_vs_2,0
TSLA,2025-06-04,7ccfcde63efce5b6a3f0e8563f9b237e48cd3d3dca2f11f05abf87f351b976db,2025-06-04 15:12:43+00:00,15.883243178447248,200ev|next_2_changes,-1.0,2025-06-04 15:13:12.926543151+00:00,200ev|next_change,-1.0,2025-06-04 15:13:12.926543151+00:00,50ev|next_2_changes,1.0,2025-06-04 15:13:12.926543151+00:00,50ev|next_change,-1.0,2025-06-04 15:13:12.926543151+00:00,4,0,3_of_4,-1
TSLA,2025-06-04,5dee6e43b6ef08a0cf5b014586a5385e1bdb87b5b54cd1281801a8a4bc67d05a,2025-06-04 17:30:47+00:00,11.419298614658846,200ev|next_2_changes,1.0,2025-06-04 17:31:16.790778432+00:00,200ev|next_change,1.0,2025-06-04 17:31:16.790778432+00:00,50ev|next_2_changes,1.0,2025-06-04 17:31:16.790778432+00:00,50ev|next_change,1.0,2025-06-04 17:31:16.790778432+00:00,4,0,4_of_4,1
TSLA,2025-06-05,f04a2e1f610ba91f492a56382e5329f833c296b6709a176ed1f617e6f0c60c7f,2025-06-05 14:38:48+00:00,21.435213642883035,200ev|next_2_changes,1.0,2025-06-05 14:39:17.904892613+00:00,200ev|next_change,1.0,2025-06-05 14:39:17.904892613+00:00,50ev|next_2_changes,1.0,2025-06-05 14:39:17.280477476+00:00,50ev|next_change,1.0,2025-06-05 14:39:17.280477476+00:00,4,0,4_of_4,1
TSLA,2025-06-05,9b7119a12eb4b5f030f96bf7eccbd689532ec33510d3b1c2b6e514470eb452ad,2025-06-05 16:03:45+00:00,4.703373886867368,200ev|next_2_changes,1.0,2025-06-05 16:04:13.477059393+00:00,200ev|next_change,-1.0,2025-06-05 16:04:13.477059393+00:00,50ev|next_2_changes,1.0,2025-06-05 16:04:13.477059393+00:00,50ev|next_change,1.0,2025-06-05 16:04:13.477059393+00:00,4,0,3_of_4,1
TSLA,2025-06-06,75eb34091480de3d3947dcfb5bfe89438ee05ea23a08b551142fe0ef3dde11da,2025-06-06 15:14:20+00:00,0.1645657110882492,200ev|next_2_changes,-1.0,2025-06-06 15:14:49.921249204+00:00,200ev|next_change,1.0,2025-06-06 15:14:49.921249204+00:00,50ev|next_2_changes,-1.0,2025-06-06 15:14:49.959274534+00:00,50ev|next_change,-1.0,2025-06-06 15:14:49.959274534+00:00,4,0,3_of_4,-1
TSLA,2025-06-09,fcc99b593f1e86ec2253060f958d0d8ea87e9e66c4e73c1ae96579c8ddea15fd,2025-06-09 14:28:20+00:00,31.447609981641868,200ev|next_2_changes,1.0,2025-06-09 14:28:49.403929940+00:00,200ev|next_change,1.0,2025-06-09 14:28:49.403929940+00:00,50ev|next_2_changes,-1.0,2025-06-09 14:28:49.928239351+00:00,50ev|next_change,-1.0,2025-06-09 14:28:49.928239351+00:00,4,0,2_vs_2,0
TSLA,2025-06-09,7f0544e55d2697c85bd71309b49263c97d17fc677ab0343570a44089a5fd2072,2025-06-09 15:46:23+00:00,10.693734829325674,200ev|next_2_changes,1.0,2025-06-09 15:46:50.930405939+00:00,200ev|next_change,1.0,2025-06-09 15:46:50.930405939+00:00,50ev|next_2_changes,1.0,2025-06-09 15:46:51.244525221+00:00,50ev|next_change,1.0,2025-06-09 15:46:51.244525221+00:00,4,0,4_of_4,1
TSLA,2025-06-10,6b4583c141f442ef6eb45b5b26cac20b919f19a80b23d4ab8069bd3d703e58fd,2025-06-10 14:18:03+00:00,10.59204805944236,200ev|next_2_changes,-1.0,2025-06-10 14:18:32.743226827+00:00,200ev|next_change,-1.0,2025-06-10 14:18:32.743226827+00:00,50ev|next_2_changes,-1.0,2025-06-10 14:18:32.475606495+00:00,50ev|next_change,-1.0,2025-06-10 14:18:32.475606495+00:00,4,0,4_of_4,-1
TSLA,2025-06-10,afaa01172813fbc9785cd0a806a5b7b39093faa43c8991d94c387efc63b5e9c4,2025-06-10 16:46:21+00:00,5.032316910158485,200ev|next_2_changes,1.0,2025-06-10 16:46:49.609034718+00:00,200ev|next_change,1.0,2025-06-10 16:46:49.609034718+00:00,50ev|next_2_changes,1.0,2025-06-10 16:46:50.953974170+00:00,50ev|next_change,1.0,2025-06-10 16:46:50.953974170+00:00,4,0,4_of_4,1
TSLA,2025-06-10,d9b2970de5951fc712a45bf93c992a8bdc769bfce61a9c27c6fa33be1f27514d,2025-06-10 19:49:04+00:00,2.767910688747932,200ev|next_2_changes,1.0,2025-06-10 19:49:32.468879581+00:00,200ev|next_change,1.0,2025-06-10 19:49:32.468879581+00:00,50ev|next_2_changes,1.0,2025-06-10 19:49:32.338553772+00:00,50ev|next_change,1.0,2025-06-10 19:49:32.338553772+00:00,4,0,4_of_4,1
TSLA,2025-06-11,3d547306a642a1253f016a8e03b589e1d256c21acfee23c04e90741dbb8d7e95,2025-06-11 17:32:03+00:00,6.663839583207487,200ev|next_2_changes,1.0,2025-06-11 17:32:31.625820024+00:00,200ev|next_change,1.0,2025-06-11 17:32:31.625820024+00:00,50ev|next_2_changes,1.0,2025-06-11 17:32:32.446505434+00:00,50ev|next_change,1.0,2025-06-11 17:32:32.446505434+00:00,4,0,4_of_4,1
TSLA,2025-06-11,a0bf974a2e4528920816e4da8068da093d7695b1d524a8e432d14ccc05b71bc1,2025-06-11 18:49:45+00:00,1.993803871046529,200ev|next_2_changes,1.0,2025-06-11 18:50:14.159980992+00:00,200ev|next_change,1.0,2025-06-11 18:50:14.159980992+00:00,50ev|next_2_changes,1.0,2025-06-11 18:50:13.071571761+00:00,50ev|next_change,1.0,2025-06-11 18:50:13.071571761+00:00,4,0,4_of_4,1
TSLA,2025-06-12,6118b330c857800e1f9358ce07c6549c940c8ea6a80724d25f0aa48283a4934c,2025-06-12 15:57:17+00:00,13.453394688967002,200ev|next_2_changes,-1.0,2025-06-12 15:57:46.799698114+00:00,200ev|next_change,-1.0,2025-06-12 15:57:46.799698114+00:00,50ev|next_2_changes,1.0,2025-06-12 15:57:45.956205665+00:00,50ev|next_change,1.0,2025-06-12 15:57:45.956205665+00:00,4,0,2_vs_2,0
TSLA,2025-06-12,87a578d8f4c4d734f096e239e2d3be60480f7b84055d7c49b5b550d722e4f2c8,2025-06-12 19:02:07+00:00,8.774816277283826,200ev|next_2_changes,1.0,2025-06-12 19:02:35.882888518+00:00,200ev|next_change,1.0,2025-06-12 19:02:35.882888518+00:00,50ev|next_2_changes,-1.0,2025-06-12 19:02:36.891169470+00:00,50ev|next_change,-1.0,2025-06-12 19:02:36.891169470+00:00,4,0,2_vs_2,0
TSLA,2025-06-13,9ff62adf4f91a89c55929825248d9dc016bf18417c2e768004b047739849ed8a,2025-06-13 16:33:12+00:00,24.928446126857292,200ev|next_2_changes,-1.0,2025-06-13 16:33:41.920562936+00:00,200ev|next_change,-1.0,2025-06-13 16:33:41.920562936+00:00,50ev|next_2_changes,1.0,2025-06-13 16:33:41.920562936+00:00,50ev|next_change,1.0,2025-06-13 16:33:41.920562936+00:00,4,0,2_vs_2,0
TSLA,2025-06-13,7decaa261a95098ad1314b650226468718e8ee2fa92146e449e7e3ca9204c17e,2025-06-13 17:35:26+00:00,19.046179427102405,200ev|next_2_changes,-1.0,2025-06-13 17:35:55.961644413+00:00,200ev|next_change,-1.0,2025-06-13 17:35:55.961644413+00:00,50ev|next_2_changes,-1.0,2025-06-13 17:35:55.986036825+00:00,50ev|next_change,-1.0,2025-06-13 17:35:55.986036825+00:00,4,0,4_of_4,-1
TSLA,2025-06-13,f984721903f0c8b015624be003bda2327ffbd67c537ebed8178d69ff547b0772,2025-06-13 19:18:09+00:00,6.697006133848937,200ev|next_2_changes,1.0,2025-06-13 19:18:38.033829784+00:00,200ev|next_change,1.0,2025-06-13 19:18:38.033829784+00:00,50ev|next_2_changes,1.0,2025-06-13 19:18:38.033829784+00:00,50ev|next_change,1.0,2025-06-13 19:18:38.033829784+00:00,4,0,4_of_4,1
TSLA,2025-06-16,49a085dc908fb88202c3c2c4fed9376ae1d8066ed492bc07392a5e27d27daf41,2025-06-16 14:52:39+00:00,1.061989865582813,200ev|next_2_changes,1.0,2025-06-16 14:53:07.861723385+00:00,200ev|next_change,1.0,2025-06-16 14:53:07.861723385+00:00,50ev|next_2_changes,1.0,2025-06-16 14:53:07.553931852+00:00,50ev|next_change,1.0,2025-06-16 14:53:07.553931852+00:00,4,0,4_of_4,1
TSLA,2025-06-16,8389d54a236cb2bf41111fed045c788ece88dd521cb988385db9fd99367b5db4,2025-06-16 17:13:12+00:00,1.9714892326350155,200ev|next_2_changes,-1.0,2025-06-16 17:13:31.543195230+00:00,200ev|next_change,-1.0,2025-06-16 17:13:31.543195230+00:00,50ev|next_2_changes,-1.0,2025-06-16 17:13:31.127141476+00:00,50ev|next_change,-1.0,2025-06-16 17:13:31.127141476+00:00,4,0,4_of_4,-1
TSLA,2025-06-17,ce4b1198b7ac8f089302d45b376ef445dbe636b2332da27e0242d685c6b0627e,2025-06-17 15:32:18+00:00,8.46076710955046,200ev|next_2_changes,1.0,2025-06-17 15:32:46.863428854+00:00,200ev|next_change,1.0,2025-06-17 15:32:46.863428854+00:00,50ev|next_2_changes,-1.0,2025-06-17 15:32:47.756315447+00:00,50ev|next_change,-1.0,2025-06-17 15:32:47.756315447+00:00,4,0,2_vs_2,0
TSLA,2025-06-17,d966e19146fa53877a28b0fe473b66e472ea8b5cf944583a0faa02aa61e2b23d,2025-06-17 17:30:46+00:00,10.827945515032855,200ev|next_2_changes,1.0,2025-06-17 17:31:15.832618200+00:00,200ev|next_change,1.0,2025-06-17 17:31:15.832618200+00:00,50ev|next_2_changes,1.0,2025-06-17 17:31:15.832618200+00:00,50ev|next_change,1.0,2025-06-17 17:31:15.832618200+00:00,4,0,4_of_4,1
TSLA,2025-06-17,f53fc948059aabf284282371fad64364cbbc65baf9b3c56dc5a8b06cec4d01ba,2025-06-17 19:19:57+00:00,6.319614503516036,200ev|next_2_changes,-1.0,2025-06-17 19:20:26.604054882+00:00,200ev|next_change,-1.0,2025-06-17 19:20:26.604054882+00:00,50ev|next_2_changes,1.0,2025-06-17 19:20:26.585001221+00:00,50ev|next_change,1.0,2025-06-17 19:20:26.585001221+00:00,4,0,2_vs_2,0
TSLA,2025-06-18,825063fabae5419f08956a82d7aad57fee1f66c159f326deaf728b445e817693,2025-06-18 17:35:23+00:00,0.3117644307959466,200ev|next_2_changes,-1.0,2025-06-18 17:35:50.183096187+00:00,200ev|next_change,-1.0,2025-06-18 17:35:50.183096187+00:00,50ev|next_2_changes,1.0,2025-06-18 17:35:52.364032149+00:00,50ev|next_change,1.0,2025-06-18 17:35:52.364032149+00:00,4,0,2_vs_2,0
TSLA,2025-06-20,e977e17874575a29da8cf4b7d55a1cbd3c2d680b81e923e23e8e29a3d4750572,2025-06-20 15:02:35+00:00,1.5702531248040774,200ev|next_2_changes,1.0,2025-06-20 15:03:03.079795586+00:00,200ev|next_change,1.0,2025-06-20 15:03:03.079795586+00:00,50ev|next_2_changes,1.0,2025-06-20 15:03:04.683829656+00:00,50ev|next_change,1.0,2025-06-20 15:03:04.683829656+00:00,4,0,4_of_4,1
TSLA,2025-06-20,fc6d0cb4601b09259075aab160cbb32a044b047280e911dd24f8460a64cc5941,2025-06-20 18:01:22+00:00,6.514961142909392,200ev|next_2_changes,1.0,2025-06-20 18:01:51.473221312+00:00,200ev|next_change,1.0,2025-06-20 18:01:51.473221312+00:00,50ev|next_2_changes,1.0,2025-06-20 18:01:51.473221312+00:00,50ev|next_change,1.0,2025-06-20 18:01:51.473221312+00:00,4,0,4_of_4,1
TSLA,2025-06-23,9c1cbbfb1eb1962d54a53870efa34d5a1523577713735416fd0ab38f38bb924f,2025-06-23 16:01:44+00:00,11.153780990568183,200ev|next_2_changes,-1.0,2025-06-23 16:02:13.614356613+00:00,200ev|next_change,-1.0,2025-06-23 16:02:13.614356613+00:00,50ev|next_2_changes,1.0,2025-06-23 16:02:13.889216591+00:00,50ev|next_change,1.0,2025-06-23 16:02:13.889216591+00:00,4,0,2_vs_2,0
TSLA,2025-06-23,f33789953f53b48ceee4893e306b0833fb1e3458ea150ebb0d926759b41124da,2025-06-23 17:35:26+00:00,11.759038875664984,200ev|next_2_changes,1.0,2025-06-23 17:35:54.934982377+00:00,200ev|next_change,1.0,2025-06-23 17:35:54.934982377+00:00,50ev|next_2_changes,1.0,2025-06-23 17:35:55.506686393+00:00,50ev|next_change,-1.0,2025-06-23 17:35:55.506686393+00:00,4,0,3_of_4,1
TSLA,2025-06-23,89dc0e1c01a25e6048fc2a53d44ffd75da0ab01f36e9b342eb18104614d31221,2025-06-23 19:09:26+00:00,5.28714936911534,200ev|next_2_changes,-1.0,2025-06-23 19:09:51.919519888+00:00,200ev|next_change,-1.0,2025-06-23 19:09:51.919519888+00:00,50ev|next_2_changes,-1.0,2025-06-23 19:09:51.919519888+00:00,50ev|next_change,-1.0,2025-06-23 19:09:51.919519888+00:00,4,0,4_of_4,-1
TSLA,2025-06-24,316d7e18821f518221267166f8d9b04a68c21c712d69809f9074c5b2256a64a5,2025-06-24 14:00:50+00:00,9.19936754348094,200ev|next_2_changes,-1.0,2025-06-24 14:01:19.125790650+00:00,200ev|next_change,-1.0,2025-06-24 14:01:19.125790650+00:00,50ev|next_2_changes,1.0,2025-06-24 14:01:19.125790650+00:00,50ev|next_change,1.0,2025-06-24 14:01:19.125790650+00:00,4,0,2_vs_2,0
TSLA,2025-06-24,5d7dde674592601421b23ca307075a7db17dc769e2b207c3d179d727d59ba878,2025-06-24 17:05:33+00:00,5.8177587084573545,200ev|next_2_changes,-1.0,2025-06-24 17:06:02.793683709+00:00,200ev|next_change,-1.0,2025-06-24 17:06:02.793683709+00:00,50ev|next_2_changes,1.0,2025-06-24 17:06:02.979027930+00:00,50ev|next_change,1.0,2025-06-24 17:06:02.979027930+00:00,4,0,2_vs_2,0
TSLA,2025-06-25,6fe2f5aaf6da76edf104b0979dedd66e5d2ea986ebe24c1a4275830646e2ac83,2025-06-25 17:02:55+00:00,2.90795555419443,200ev|next_2_changes,-1.0,2025-06-25 17:03:24.704722412+00:00,200ev|next_change,-1.0,2025-06-25 17:03:24.704722412+00:00,50ev|next_2_changes,-1.0,2025-06-25 17:03:24.840149184+00:00,50ev|next_change,-1.0,2025-06-25 17:03:24.840149184+00:00,4,0,4_of_4,-1
TSLA,2025-06-26,ada60283e76ae193e112c15bb3046c9ecc2b1fe245507636a73198e822be434a,2025-06-26 15:18:21+00:00,8.435712204175605,200ev|next_2_changes,1.0,2025-06-26 15:18:50.946986113+00:00,200ev|next_change,1.0,2025-06-26 15:18:50.946986113+00:00,50ev|next_2_changes,1.0,2025-06-26 15:18:50.946986113+00:00,50ev|next_change,1.0,2025-06-26 15:18:50.946986113+00:00,4,0,4_of_4,1
TSLA,2025-06-26,b9ed07dffda23f2757215a148166a73aadd22a45d0403bbb2050d088fa80776a,2025-06-26 17:03:34+00:00,3.959611958027631,200ev|next_2_changes,-1.0,2025-06-26 17:04:02.131280479+00:00,200ev|next_change,-1.0,2025-06-26 17:04:02.131280479+00:00,50ev|next_2_changes,-1.0,2025-06-26 17:04:02.223665993+00:00,50ev|next_change,-1.0,2025-06-26 17:04:02.223665993+00:00,4,0,4_of_4,-1
TSLA,2025-06-26,204c986f81e7f10d7d2753c6dc7c50779083fb4fbcb71f22f48bdcb96d1abae0,2025-06-26 19:03:13+00:00,0.6104260774020265,200ev|next_2_changes,1.0,2025-06-26 19:03:42.004853861+00:00,200ev|next_change,1.0,2025-06-26 19:03:42.004853861+00:00,50ev|next_2_changes,1.0,2025-06-26 19:03:42.004853861+00:00,50ev|next_change,1.0,2025-06-26 19:03:42.004853861+00:00,4,0,4_of_4,1
TSLA,2025-06-27,2c2aa816f1d64e84e3755b9a4dce49526162328ff6a0e7113d8a8281453a11cb,2025-06-27 18:11:48+00:00,1.0834068502263428,200ev|next_2_changes,-1.0,2025-06-27 18:12:14.947426209+00:00,200ev|next_change,-1.0,2025-06-27 18:12:14.947426209+00:00,50ev|next_2_changes,1.0,2025-06-27 18:12:17.178952316+00:00,50ev|next_change,1.0,2025-06-27 18:12:17.178952316+00:00,4,0,2_vs_2,0
TSLA,2025-06-27,de18f4a72bb5a19a187c36ba50033e4c512be30a02a53fa96ee4bd15233fd87f,2025-06-27 19:31:00+00:00,1.7124353944830697,200ev|next_2_changes,1.0,2025-06-27 19:31:29.946916267+00:00,200ev|next_change,1.0,2025-06-27 19:31:29.946916267+00:00,50ev|next_2_changes,1.0,2025-06-27 19:31:29.047959265+00:00,50ev|next_change,1.0,2025-06-27 19:31:29.047959265+00:00,4,0,4_of_4,1
TSLA,2025-06-30,8fff6693b64fb837a45b8f60920780ebc1a672506151fa0104a36fd41136f372,2025-06-30 14:28:23+00:00,17.416682357371815,200ev|next_2_changes,1.0,2025-06-30 14:28:52.827011312+00:00,200ev|next_change,1.0,2025-06-30 14:28:52.827011312+00:00,50ev|next_2_changes,1.0,2025-06-30 14:28:52.892784828+00:00,50ev|next_change,1.0,2025-06-30 14:28:52.892784828+00:00,4,0,4_of_4,1
TSLA,2025-06-30,b359f387017c57cd81662ce2a10e20592e8a95b41f2127ef1b61abc478577e54,2025-06-30 16:50:07+00:00,4.365382516643424,200ev|next_2_changes,-1.0,2025-06-30 16:50:33.693702295+00:00,200ev|next_change,-1.0,2025-06-30 16:50:33.693702295+00:00,50ev|next_2_changes,-1.0,2025-06-30 16:50:36.812401363+00:00,50ev|next_change,-1.0,2025-06-30 16:50:36.812401363+00:00,4,0,4_of_4,-1
TSLA,2025-06-30,03d54c25373d67b737f39f1d7153b30c47f13a0101e015037fbfd785fb97f71e,2025-06-30 19:35:35+00:00,5.195704883962371,200ev|next_2_changes,1.0,2025-06-30 19:36:03.126413788+00:00,200ev|next_change,1.0,2025-06-30 19:36:03.126413788+00:00,50ev|next_2_changes,-1.0,2025-06-30 19:36:04.664797492+00:00,50ev|next_change,-1.0,2025-06-30 19:36:04.664797492+00:00,4,0,2_vs_2,0
